PR,PR previous,URL,URL previous,Title,Title previous,Content type,Content type previous,Is rendered page,Is rendered page previous,HTTP status code,HTTP status code previous,Organic traffic,Organic traffic previous,Is indexable page,Is indexable page previous,Title patch,Title patch status,Meta description,Meta description previous,Meta description patch,Meta description patch status,H1,H1 previous,H2,H2 previous,No. of content words,No. of content words previous,No. of internal outlinks,No. of internal outlinks previous,No. of external outlinks,No. of external outlinks previous,Page text,Page text previous,Extracted text (raw <body>) (length),Extracted text (raw <body>) (length) previous,Text hash,Text hash previous,First found at,First found at previous
40,40,https://www.thatlayover.life/,https://www.thatlayover.life/,"That Layover Life · Real places, by people who actually went","That Layover Life · Real places, by the people who went",text/html; charset=utf-8,text/html; charset=utf-8,false,false,200,200,0,0,true,true,,,Travel stories by real travelers about specific places at specific times. Edited and published by an actual human in Copenhagen. Magnus is in the rotation.,Travel stories by real travelers about specific places at specific times. Edited and published by an actual human in Copenhagen. Magnus is in the rotation.,,,Find your next somewhere.,"Real places, by the people who actually went.","Pick a country. Someone already went.
Your bestie gets a passport too.
The Layover Lounge.","Lose yourself in your next adventure.
He has his own page.
The Layover Lounge.",635,528,42,34,2,2,<truncated>,<truncated>,3673,3045,16864865691352430439,15763488832328636920,,
39,40,https://www.thatlayover.life/gallery,https://www.thatlayover.life/gallery,The Layover Lounge · Traveler Photo Wall · That Layover Life,The Layover Lounge · That Layover Life,text/html; charset=utf-8,text/html; charset=utf-8,false,false,200,200,0,0,true,true,,,"Post a shot, get featured. The TLL photo wall: layover shots, credited or anonymous, your choice. Featured picks run on our Instagram and LinkedIn.","Post a shot, get featured. The TLL photo wall: layover shots, credited or anonymous, your choice. Featured picks run on our Instagram and LinkedIn.",,,"A photo, not an essay. The easiest yes.",Post a shot. Get featured.,,,187,159,30,25,2,2,<truncated>,<truncated>,1100,926,2155934684644731502,16886001630362984745,,
39,40,https://www.thatlayover.life/terms,https://www.thatlayover.life/terms,Terms of Service · That Layover Life,Terms of Service · That Layover Life,text/html; charset=utf-8,text/html; charset=utf-8,false,false,200,200,0,0,true,true,,,"The rules of the road, written so a human can read them. No surprise rights grabs, no fine print pretending to be fine. Your byline stays yours.","The rules of the road, written so a human can read them. No surprise rights grabs, no fine print pretending to be fine. Your byline stays yours.",,,Terms of service.,The rules of the road.,"The short version
1. Who you're agreeing with
2. Your account
3. Your content
4. The Editorial Charter
5. What TLL is, what it isn't
6. Other people's content
7. Press, partnerships, sponsored content
8. Takedown / DMCA-style requests
9. Termination
10. Disclaimers
11. Limitation of liability
12. Governing law
13. Changes to these Terms","The short version
1. Who you're agreeing with
2. Your account
3. Your content
4. The Editorial Charter
5. What TLL is, what it isn't
6. Other people's content
7. Press, partnerships, sponsored content
8. Takedown / DMCA-style requests
9. Termination
10. Disclaimers
11. Limitation of liability
12. Governing law
13. Changes to these Terms",1200,1174,31,25,2,2,<truncated>,<truncated>,7535,7368,15473920990378313909,983545606467198223,,
39,40,https://www.thatlayover.life/destinations,https://www.thatlayover.life/destinations,Destinations · Stories and Layover Notes by Country · TLL,Destinations · That Layover Life,text/html; charset=utf-8,text/html; charset=utf-8,false,false,200,200,0,0,true,true,,,"Where TLL travelers have actually been and filed: stories, verdicts and layover notes by country. A country earns a page when a traveler goes and writes it up.","Where TLL travelers have actually been and filed: stories, verdicts and layover notes by country. A country earns a page when a traveler goes and writes it up.",,,Every story starts somewhere.,Every story starts somewhere.,"Five countries, five stories.
See where the pins drop.","Five countries, five stories.
See where the pins drop.",401,366,41,36,2,2,<truncated>,<truncated>,2299,2096,17971404611594627137,15640476939586034368,,
39,40,https://www.thatlayover.life/the-paw-passport,https://www.thatlayover.life/the-paw-passport,The Paw Passport · Pet Travel · That Layover Life,The Paw Passport · Pet Travel · That Layover Life,text/html; charset=utf-8,text/html; charset=utf-8,false,false,200,200,0,0,true,true,,,"Four paws, zero complaints. Pet-travel logistics that save the trip: EU pet passport paperwork, timing, and verified large-dog-friendly hotels.","Four paws, zero complaints. Pet-travel logistics that save the trip: EU pet passport paperwork, timing, and verified large-dog-friendly hotels.",,,Your bestie gets a passport too.,Four paws. Zero complaints.,"Crossing borders with a dog, without the part where you cry at a checkpoint.",,686,283,33,28,2,2,<truncated>,<truncated>,3883,1682,665501873164131375,4135513293362346255,,
39,40,https://www.thatlayover.life/for-press,https://www.thatlayover.life/for-press,"For Press · Hosted and Gifted Trips, Always Disclosed · TLL",For Press · That Layover Life,text/html; charset=utf-8,text/html; charset=utf-8,false,false,200,200,0,0,true,true,,,"Credentialed, disclosed, accountable. Press travelers welcome. Every hosted or gifted trip labeled at the top of the story, never buried in a footnote.","Credentialed, disclosed, accountable. Press travelers welcome. Every hosted or gifted trip labeled at the top of the story, never buried in a footnote.",,,"Disclosure at the top, never buried.",Credentialed. Disclosed. Accountable.,"Apply from your profile.
One form, the whole press list.","One form, the whole press list.
Reach, without losing the trust.",497,362,31,25,2,2,<truncated>,<truncated>,2945,2111,1738317348625199478,290940556990509607,,
39,40,https://www.thatlayover.life/community-guidelines,https://www.thatlayover.life/community-guidelines,Community guidelines · That Layover Life,Community guidelines · That Layover Life,text/html; charset=utf-8,text/html; charset=utf-8,false,false,200,200,0,0,true,true,,,"House rules for the TLL community. Your own photos and words, real places and dates, disclosure on commercial ties, and zero tolerance for harassment.","House rules for the TLL community. Your own photos and words, real places and dates, disclosure on commercial ties, and zero tolerance for harassment.",,,"Five house rules, enforced by a human.",Be the traveler you would share a row with.,Now go tell us where you went.,Now go tell us where you went.,345,289,30,25,2,2,<truncated>,<truncated>,2008,1667,1284786404591882925,18374935517541959,,
39,40,https://www.thatlayover.life/privacy,https://www.thatlayover.life/privacy,Privacy Policy · That Layover Life,Privacy Policy · That Layover Life,text/html; charset=utf-8,text/html; charset=utf-8,false,false,200,200,0,0,true,true,,,"How TLL collects, uses, and protects your data. GDPR compliant. Written by humans, in sentences your lawyer will not have to translate.","How TLL collects, uses, and protects your data. GDPR compliant. Written by humans, in sentences your lawyer will not have to translate.",,,Privacy policy.,How TLL handles your data.,"The short version
1. Who runs this thing
2. What we collect, and why
3. Cookies and tracking
4. How we share data (and who with)
5. Your data, your control
6. The Anonymous Traveler treatment
7. Children
8. Data security
9. International transfers
10. Changes to this policy","The short version
1. Who runs this thing
2. What we collect, and why
3. Cookies and tracking
4. How we share data (and who with)
5. Your data, your control
6. The Anonymous Traveler treatment
7. Children
8. Data security
9. International transfers
10. Changes to this policy",982,957,31,26,2,2,<truncated>,<truncated>,6182,6021,4429206618041917912,2955192578021297472,,
39,20,https://www.thatlayover.life/support,https://www.thatlayover.life/support,"Support · Corrections, Takedowns, Account Help · TLL",Support · That Layover Life,text/html; charset=utf-8,text/html; charset=utf-8,false,false,200,200,0,0,true,true,,,"Six routed help cards. Story corrections, account deletion, takedowns, appeals, press inquiries, and partnerships. One human at hello@thatlayover.life.","Six routed help cards. Story corrections, account deletion, takedowns, appeals, press inquiries, and partnerships. One human at hello@thatlayover.life.",,,Six doors. Pick yours.,"Need a hand? Three doors, one human.",Stories stay free. This is the tip jar with a badge.,,624,465,31,27,2,2,<truncated>,<truncated>,3783,2913,16057779173397717346,15320731139219663594,,
39,40,https://www.thatlayover.life/travel-wire,https://www.thatlayover.life/travel-wire,Travel Wire · Travel Headlines by Place · That Layover Life,The Travel Wire · That Layover Life,text/html; charset=utf-8,text/html; charset=utf-8,false,false,200,200,0,0,true,true,,,"Headlines from the wire services and the trade press, tagged by place. Sorted by region and country. Every click goes to the source.","Headlines from the wire services and the trade press, tagged by place. Sorted by region and country. Every click goes to the source.",,,"The news, sorted by where.","The news, sorted by where.","Blogs we read, on the wire.","Blogs we read, on the wire.",330,301,30,25,2,2,<truncated>,<truncated>,1891,1714,14625363215961063810,901920079403231458,,
39,40,https://www.thatlayover.life/pets,https://www.thatlayover.life/pets,Pets We Travel With · Magnus and the Paw Passport Pack,Pets we travel with · That Layover Life,text/html; charset=utf-8,text/html; charset=utf-8,false,false,200,200,0,0,true,true,,,"Cross-border pet travel from the back seat, led by Magnus the Samoyed: EU pet passport logistics, large-dog hotels and stories from the road.","The Paw Passport travelers. Cross-border pet travel from the back seat, led by Magnus the Samoyed: EU pet passport logistics, large-dog hotels, stories from the road.",,,The Paw Passport crew.,Pets we travel with.,"One supervisor so far.
The part that saves the trip.","Led by one supervisor.
The part that saves the trip.",312,261,33,28,2,2,<truncated>,<truncated>,1856,1536,16695676149672604768,15448318621200058643,,
39,40,https://www.thatlayover.life/spotlight,https://www.thatlayover.life/spotlight,The Spotlight · Worth the Detour · That Layover Life,The Spotlight · Worth the Detour · That Layover Life,text/html; charset=utf-8,text/html; charset=utf-8,false,false,200,200,0,0,true,true,,,"One traveler, front and center, every week. Stories boosted, links shipped, byline up top. Exposure is the currency, and TLL spends it generously.","One traveler, front and center, every week. Stories boosted, links shipped, byline up top. Exposure is the currency, and TLL spends it generously.",,,Travelers worth the detour.,Travelers worth the detour.,"Nancy Carleton
Exposure is the currency.","The Tinned-Fish Diplomat
Exposure is the currency.",311,301,31,25,2,2,<truncated>,<truncated>,1831,1804,3955094390084658938,4127046265234322682,,
39,40,https://www.thatlayover.life/the-map,https://www.thatlayover.life/the-map,The Map · Every Country You Have Been To · That Layover Life,The Map · That Layover Life,text/html; charset=utf-8,text/html; charset=utf-8,false,false,200,200,0,0,true,true,,,"Every country you have been to, on one map, with a pin you can click for the story behind it. Log parks, cities and airports too. Free with an account.","Every country you have been to, on the map, with a pin you can click for the story behind it. The Lifer chase, visualized.",,,"Every country, on the map.","Every country, on the map.","Parks, cities and airports",,364,253,30,26,2,2,<truncated>,<truncated>,2073,1405,16965962058159217293,15900394745704524204,,
39,40,https://www.thatlayover.life/for-expats,https://www.thatlayover.life/for-expats,For Expats · Local Truth From People Who Live There · TLL,For Expats · That Layover Life,text/html; charset=utf-8,text/html; charset=utf-8,false,false,200,200,0,0,true,true,,,"Living it, not passing through. Eight years somewhere beats eight days everywhere. Bring the local truth from your city, credited and disclosed.","Living it, not passing through. Eight years somewhere beats eight days everywhere. Bring the local truth from your city, credited and disclosed.",,,Eight years somewhere beats eight days everywhere.,"Living it, not passing through.","Find the expats in your country.
The experts so far. Plenty of desks.
Claim your desk.
Run a group? List it.
Bring the local truth.","Eight years somewhere beats eight days everywhere.
Bring the local truth.",737,297,30,25,2,2,<truncated>,<truncated>,4228,1755,3136461493795707598,302029803571731964,,
39,40,https://www.thatlayover.life/travelers,https://www.thatlayover.life/travelers,"Travelers · Nomads, Expats and Press · That Layover Life",Travelers · That Layover Life,text/html; charset=utf-8,text/html; charset=utf-8,false,false,200,200,0,0,true,true,,,"The Travelers. Nomads on the road, expats with a postcode they defend, press on assignment, and readers who just signed up. Sorted by recent bylines.","The Travelers. Nomads on the road, expats with a postcode they defend, press on assignment, and readers who just signed up. Sorted by recent bylines.",,,Where the Travelers live.,Writers worth your layover.,"People who live there.
Credentialed, disclosed, accountable.
Any species, with paperwork.
Your spot is still empty.","Travelers with something to teach.
The Travelers
Your spot is still empty.",543,580,33,26,2,2,<truncated>,<truncated>,3243,3460,16450531122532366215,16334318666660223347,,
39,40,https://www.thatlayover.life/stories,https://www.thatlayover.life/stories,The Library · Travel Stories · That Layover Life,The Library · Travel Stories · That Layover Life,text/html; charset=utf-8,text/html; charset=utf-8,false,false,200,200,0,0,true,true,,,"The TLL library: travelers writing about specific places on specific dates. Named humans, dated trips, edited by a person in Copenhagen. Free to read.","The TLL library: travelers writing about specific places on specific dates. Named humans, dated trips, edited by a person in Copenhagen. Free to read.",,,"Six stories, all worth the detour.",The Library.,"I Drove Across Denmark to Watch a Million Birds Go to Bed
From Sequins to Sloths: Northern Brazil for the Chronically Curious
La Paz, whale sharks, and a sea lion who chose chaos
Patagonia, measured in Camp Italianos
The annual retreat, or what happens when you put a Mangalitsa fillet and a switchback road in a blender
Ghana asked us to wear all white. We complied. Eventually.
Fourteen days, twelve countries, one EV, and a gal who cannot be historically trusted to charge her own phone
Whiskey on 10,000-Year-Old Ice and Chasing the Impossible: The Antarctica Marathon
More stories on the way.",More stories on the way.,895,593,43,41,2,2,<truncated>,<truncated>,5262,3505,14041133319607489839,14514474719707373738,,
39,40,https://www.thatlayover.life/newsletter,https://www.thatlayover.life/newsletter,Newsletter · That Layover Life,Newsletter · That Layover Life,text/html; charset=utf-8,text/html; charset=utf-8,false,false,200,200,0,0,true,true,,,"The TLL dispatch from Denmark: layover intel, race-week notes, EU pet paperwork, and Magnus in the back seat. Leave your email and get the first one.","The TLL dispatch from Denmark: layover intel, race-week notes, EU pet paperwork, and Magnus in the back seat. Leave your email and get the first one.",,,The dispatch is coming.,The dispatch is coming.,,,188,163,30,25,2,2,<truncated>,<truncated>,1128,976,15779856752696968242,545468499282648675,,
39,40,https://www.thatlayover.life/contact,https://www.thatlayover.life/contact,"Contact · Press, Partnerships or General · That Layover Life",Contact · That Layover Life,text/html; charset=utf-8,text/html; charset=utf-8,false,false,200,200,0,0,true,true,,,"Three doors: press, partnerships or general. Pick the one that fits and a human writes back, usually the same day. Or email hello@thatlayover.life.","Three doors. Press, partnerships, or general. Pick the one that fits and a human will write back, usually the same day.",,,Three doors. Pick one.,Three doors. Pick one.,,,349,314,31,27,2,2,<truncated>,<truncated>,2209,2000,16638190183315036656,4043474247005220363,,
39,40,https://www.thatlayover.life/for-affiliates,https://www.thatlayover.life/for-affiliates,"For Affiliates · Labeled Links, Founding Partners · TLL",For Affiliates · That Layover Life,text/html; charset=utf-8,text/html; charset=utf-8,false,false,200,200,0,0,true,true,,,"A founding-partner invitation. TLL is pre-launch: bring your links, we label them honestly and grow together. Terms and disclosure rules apply.","A founding-partner invitation. TLL is pre-launch: bring your links, we label them honestly and grow together. Terms and disclosure rules apply.",,,"Bring your audience, keep your links.",Bring your audience. Keep your links.,Your reach becomes ours.,Your reach becomes ours.,239,162,30,25,2,2,<truncated>,<truncated>,1468,998,3326549487850870152,1001785106333353905,,
39,40,https://www.thatlayover.life/about,https://www.thatlayover.life/about,About TLL · A Travel Magazine Written by Named Humans,About · That Layover Life,text/html; charset=utf-8,text/html; charset=utf-8,false,false,200,200,0,0,true,true,,,"What TLL is, who it's for, and how the magazine works: the Stories library, the Paw Passport, Share your story and The Map. Travel by named humans.","What TLL is, who it's for, and how the magazine works: the Stories library, the Paw Passport, Share your story and The Map. Travel by named humans.",,,"Real places, by the people who actually went.","Real places, by the people who actually went.","How we read a place.
The Stories.
The Travelers.
Pack the bestie.
Write the trip.
Every country, visualized.
The trips happened. The opinions are uncut. The third-act sag has been edited out.","How we read a place.
The Stories.
The Travelers.
Pack the bestie.
Write the trip.
Every country, visualized.
The trips happened. The opinions are uncut. The third-act sag has been edited out.",930,825,32,27,2,2,<truncated>,<truncated>,5416,4787,4291156733020785231,3924380602370835182,,
39,40,https://www.thatlayover.life/countries,https://www.thatlayover.life/countries,Country Guides · Facts Checked · That Layover Life,Country Guides · Facts Checked · That Layover Life,text/html; charset=utf-8,text/html; charset=utf-8,false,false,200,200,0,0,true,true,,,A country gets a page when someone actually goes and files. Facts checked against the World Bank; the verdicts are entirely ours.,A country gets a page when someone actually goes and files. Facts checked against the World Bank; the verdicts are entirely ours.,,,Every country earns its page the honest way.,Every country earns its page the honest way.,,,416,391,33,28,2,2,<truncated>,<truncated>,2306,2154,2352696804207091010,3482059650053116521,,
39,40,https://www.thatlayover.life/editorial-charter,https://www.thatlayover.life/editorial-charter,Editorial Charter · How That Layover Life Publishes,Editorial charter · That Layover Life,text/html; charset=utf-8,text/html; charset=utf-8,false,false,200,200,0,0,true,true,,,"The rules TLL publishes by: named human travelers, no chatbot drafts, disclosure up top, bylines that stay yours, corrections owned in public.","The rules TLL publishes by: named human travelers, no chatbot drafts, disclosure up top, bylines that stay yours, corrections owned in public.",,,Eight rules. No exceptions.,The rules we publish by.,"Paid work, in plain view.
Write like you were there.",Write like you were there.,661,359,30,25,2,2,<truncated>,<truncated>,3734,2058,16829689670635030801,4004769740887628365,,
23,21,https://www.thatlayover.life/stories/balkans-ev-road-trip-twelve-countries,https://www.thatlayover.life/stories/balkans-ev-road-trip-twelve-countries,Balkans EV road trip: 12 countries with a dog,Balkans EV road trip: 12 countries with a dog,text/html; charset=utf-8,text/html; charset=utf-8,false,false,200,200,0,0,true,true,,,"Fourteen days, twelve countries, one Audi e-tron and a Samoyed. Charging across Serbia, Kosovo, Albania and Bulgaria, and what actually worked.","Fourteen days, twelve countries, one Audi e-tron and a Samoyed. Charging across Serbia, Kosovo, Albania and Bulgaria, and what actually worked.",,,"Fourteen days, twelve countries, one EV, and a gal who cannot be historically trusted to charge her own phone","Fourteen days, twelve countries, one EV, and a gal who cannot be historically trusted to charge her own phone","Night one: a shed, as one does
Czech Republic and Poland, in passing
Slovakia, round one: Vila Kamila and the High Tatras
Serbia, and the unlisted hotel charger
North Macedonia, the border
Kosovo, da bears, and Magnus's adoring public
Albania, ajvar (now plural), a hundred-person serenade, and the ""American"" strip club
Bulgaria, banitsa, and Magnus continuing his bread crimes
Serbia, on the rebound
Hungary, a dog bakery, and Pacific Northwest pride
Slovakia, round two: a bus in a field
Austria, an OMV, and Mozart for the road
A note on being American right now
What I am taking home
Nancy Carleton
Other stops on this layover","Night one: a shed, as one does
Czech Republic and Poland, in passing
Slovakia, round one: Vila Kamila and the High Tatras
Serbia, and the unlisted hotel charger
North Macedonia, the border
Kosovo, da bears, and Magnus's adoring public
Albania, ajvar (now plural), a hundred-person serenade, and the ""American"" strip club
Bulgaria, banitsa, and Magnus continuing his bread crimes
Serbia, on the rebound
Hungary, a dog bakery, and Pacific Northwest pride
Slovakia, round two: a bus in a field
Austria, an OMV, and Mozart for the road
A note on being American right now
What I am taking home",2415,2293,35,30,4,4,<truncated>,<truncated>,13914,13215,18411220842855015880,15538452124210031146,,
23,21,https://www.thatlayover.life/contributors/nancy-carleton,https://www.thatlayover.life/contributors/nancy-carleton,Nancy Carleton · Traveler profile · That Layover Life,Nancy Carleton · Traveler,text/html; charset=utf-8,text/html; charset=utf-8,false,false,200,200,0,0,true,true,,,"Founder of That Layover Life. 87 countries, 7 continents marathoned. Copenhagen-based American expat. Travels with a Samoyed named Magnus 🐻‍❄️.","Founder of That Layover Life. 87 countries, 7 continents marathoned. Copenhagen-based American expat. Travels with a Samoyed named Magnus 🐻‍❄️.",,,Nancy Carleton,Nancy Carleton,"Trust me with a flight delay because…
One strong opinion
Find them elsewhere
Filed by this traveler","Find Nancy elsewhere.
The long version.
Published by Nancy.
The Paw Passport.
Get in touch.",242,726,31,31,2,3,<truncated>,<truncated>,1500,4589,14480880009906752662,18381594473939218452,,
22,21,https://www.thatlayover.life/stories/patagonia-w-trek-christmas-new-year,https://www.thatlayover.life/stories/patagonia-w-trek-christmas-new-year,Patagonia W Trek over Christmas and New Year,Patagonia W Trek over Christmas and New Year,text/html; charset=utf-8,text/html; charset=utf-8,false,false,200,200,0,0,true,true,,,"Torres del Paine on an accelerated W Trek, measured in Camp Italianos. Wind, a rainbow at Mirador Britanico, and the morning we turned back.","Torres del Paine on an accelerated W Trek, measured in Camp Italianos. Wind, a rainbow at Mirador Britanico, and the morning we turned back.",,,"Patagonia, measured in Camp Italianos","Patagonia, measured in Camp Italianos","Reunions, runners, luchador masks
Logistics season begins
Christmas Eve, but make it brisket
Christmas Day, parrot shirts, and pickle diplomacy
Boxing Day: character building, apparently
The Towers, the wind, and choosing smart
Borders, beers, and too many fries
Ice, condors, and a proper tradition
Miles, mate, and a proper send-off
New Year's Eve, but with horses
New year, same legs
Nancy Carleton
Other stops on this layover","Reunions, runners, luchador masks
Logistics season begins
Christmas Eve, but make it brisket
Christmas Day, parrot shirts, and pickle diplomacy
Boxing Day: character building, apparently
The Towers, the wind, and choosing smart
Borders, beers, and too many fries
Ice, condors, and a proper tradition
Miles, mate, and a proper send-off
New Year's Eve, but with horses
New year, same legs",1845,1719,35,30,4,4,<truncated>,<truncated>,11185,10462,1781012572740015446,3453874848303521894,,
22,21,https://www.thatlayover.life/stories/la-paz-mexico-whale-sharks,https://www.thatlayover.life/stories/la-paz-mexico-whale-sharks,"La Paz, Mexico: swimming with whale sharks","La Paz, Mexico: swimming with whale sharks",text/html; charset=utf-8,text/html; charset=utf-8,false,false,200,200,0,0,true,true,,,"Whale sharks, sea lions who chose chaos, and marine biology students who made it better. La Paz, Balandra and Todos Santos with family.","Whale sharks, sea lions who chose chaos, and marine biology students who made it better. La Paz, Balandra and Todos Santos with family.",,,"La Paz, whale sharks, and a sea lion who chose chaos","La Paz, whale sharks, and a sea lion who chose chaos","The ocean reminded us who is actually in charge
Road trips, sunrise hikes, and Hotel California
Nancy Carleton
Other stops on this layover","The ocean reminded us who is actually in charge
Road trips, sunrise hikes, and Hotel California",1025,916,35,30,4,4,<truncated>,<truncated>,6067,5435,1397377629385220600,15148200517343754688,,
22,21,https://www.thatlayover.life/stories/montenegro-budva-switchback-roads,https://www.thatlayover.life/stories/montenegro-budva-switchback-roads,"Montenegro by road: Budva, Kotor and the switchbacks","Montenegro by road: Budva, Kotor and the switchbacks",text/html; charset=utf-8,text/html; charset=utf-8,false,false,200,200,0,0,true,true,,,"Driving Montenegro's mountain roads out of Podgorica, where semi-trucks reverse downhill. Budva, Kotor, Farm Carevic, and a lot of eggs.","Driving Montenegro's mountain roads out of Podgorica, where semi-trucks reverse downhill. Budva, Kotor, Farm Carevic, and a lot of eggs.",,,"The annual retreat, or what happens when you put a Mangalitsa fillet and a switchback road in a blender","The annual retreat, or what happens when you put a Mangalitsa fillet and a switchback road in a blender","The most diverse table in Denmark
Nancy Carleton
Other stops on this layover",The most diverse table in Denmark,1044,931,35,30,4,4,<truncated>,<truncated>,6248,5588,17943818090635321809,16274641065953832532,,
22,21,https://www.thatlayover.life/stories/ghana-easter-everyone-wears-white,https://www.thatlayover.life/stories/ghana-easter-everyone-wears-white,Ghana at Easter: the whole country wears white,Ghana at Easter: the whole country wears white,text/html; charset=utf-8,text/html; charset=utf-8,false,false,200,200,0,0,true,true,,,"Accra at Easter, where everyone wears white and we did not get the memo. Mount Afadjato, Wli Waterfalls, the monkeys at Tafi Atome, and Buka.","Accra at Easter, where everyone wears white and we did not get the memo. Mount Afadjato, Wli Waterfalls, the monkeys at Tafi Atome, and Buka.",,,Ghana asked us to wear all white. We complied. Eventually.,Ghana asked us to wear all white. We complied. Eventually.,"Nancy Carleton
Other stops on this layover",,1057,947,35,30,4,4,<truncated>,<truncated>,6118,5480,1682735792210085611,4355845621996849739,,
21,20,https://www.thatlayover.life/pillars/stories-from-the-road,https://www.thatlayover.life/pillars/stories-from-the-road,Stories From the Road · That Layover Life,Stories From the Road · That Layover Life,text/html; charset=utf-8,text/html; charset=utf-8,false,false,200,200,0,0,true,true,,,"The flagship pillar. Long-form posts about specific places at specific times, written by named travelers who were actually in the room.","The flagship pillar. Long-form posts about specific places at specific times, written by named travelers who were actually in the room.",,,Stories From the Road,Stories From the Road,,,744,604,31,26,2,2,<truncated>,<truncated>,4451,3631,3959419355302910089,2551799603266441543,,
21,20,https://www.thatlayover.life/pillars/layover-guides,https://www.thatlayover.life/pillars/layover-guides,Layover Guides · That Layover Life,Layover Guides · That Layover Life,text/html; charset=utf-8,text/html; charset=utf-8,false,false,200,200,0,0,true,true,,,"What to do with 3, 6, 9, or 12 plus hours in a city. Written by people who have done the layover and lived to file the report.","What to do with 3, 6, 9, or 12 plus hours in a city. Written by people who have done the layover and lived to file the report.",,,Layover Guides,Layover Guides,,,747,607,31,26,2,2,<truncated>,<truncated>,4428,3608,13929726895071293348,18049705607155407493,,
21,21,https://www.thatlayover.life/pets/magnus-waffles,https://www.thatlayover.life/pets/magnus-waffles,Magnus Waffles · Travel Pet,Magnus Waffles · Travel Pet,text/html; charset=utf-8,text/html; charset=utf-8,false,false,200,200,0,0,true,true,,,"Polar bear by appearance, supervisor by profession. Has crossed more EU borders than your accountant.","Polar bear by appearance, supervisor by profession. Has crossed more EU borders than your accountant.",,,Magnus Waffles,Magnus Waffles,"Countries this bestie has visited
Stories starring this pet
Their own accounts.","Countries this bestie has visited
Stories starring this pet",325,304,34,29,2,2,<truncated>,<truncated>,2082,1895,18138944118095610353,15800002947615715916,,
21,20,https://www.thatlayover.life/pillars/paw-passport,https://www.thatlayover.life/pillars/paw-passport,Paw Passport · That Layover Life,Paw Passport · That Layover Life,text/html; charset=utf-8,text/html; charset=utf-8,false,false,200,200,0,0,true,true,,,Magnus 🐻‍❄️ files reports. Dog-travel logistics for households with a passport for the pup.,Magnus 🐻‍❄️ files reports. Dog-travel logistics for households with a passport for the pup.,,,Paw Passport,Paw Passport,,,733,593,31,26,2,2,<truncated>,<truncated>,4398,3578,16096589895412319636,3541446393524959771,,
21,20,https://www.thatlayover.life/cookies,https://www.thatlayover.life/cookies,Cookie policy · That Layover Life,Cookie policy · That Layover Life,text/html; charset=utf-8,text/html; charset=utf-8,false,false,200,200,0,0,true,true,,,"Every cookie this site sets, who sets it, why, and for how long. Manage or withdraw your consent any time.","Every cookie this site sets, who sets it, why, and for how long. Manage or withdraw your consent any time.",,,Cookie policy.,Cookie policy.,,,361,341,31,26,2,2,<truncated>,<truncated>,2227,2098,2222731575783977140,1806618901804094490,,
21,20,https://www.thatlayover.life/faq,https://www.thatlayover.life/faq,"FAQ: Getting Published, Bylines, EU Dog Travel · TLL",FAQ · That Layover Life,text/html; charset=utf-8,text/html; charset=utf-8,false,false,200,200,0,0,true,true,,,"Questions, answered straight. What TLL is, whether it's free, how to publish and keep your byline, affiliate links, EU dog travel, and press trips.","Questions, answered straight. What TLL is, whether it's free, how to publish and keep your byline, affiliate links, EU dog travel, and press trips.",,,"Questions, answered. No filler.","Questions, answered straight.","What is That Layover Life?
Is it free to read and to contribute?
How do I get published, and do I keep my byline?
Can I include my own links and affiliate links?
Can I travel with my dog in the EU?
Do you accept press and tourism-board trips?
Still have a question?",Still have a question?,502,468,31,27,4,2,<truncated>,<truncated>,2908,2732,15488725007029088330,17271605727842406491,,
21,20,https://www.thatlayover.life/stories/antarctica-marathon,https://www.thatlayover.life/stories/antarctica-marathon,Antarctica Marathon: what it takes to reach the start line,Antarctica Marathon: what it takes to reach the start line,text/html; charset=utf-8,text/html; charset=utf-8,false,false,200,200,0,0,true,true,,,"What the Antarctica Marathon actually costs, how to enter, what the Drake Passage and the King George Island course are really like, from four attempts and one finish.","What the Antarctica Marathon actually costs, how to enter, what the Drake Passage and the King George Island course are really like, from four attempts and one finish.",,,"Whiskey on 10,000-Year-Old Ice and Chasing the Impossible: The Antarctica Marathon","Whiskey on 10,000-Year-Old Ice and Chasing the Impossible: The Antarctica Marathon","What the Antarctica Marathon actually is
How do you enter the Antarctica Marathon, and what does it cost?
The pen incident, 2008
Enter Jay, dressed as the Anchorman news team
Four attempts, or: why getting there is the whole story
What is crossing the Drake Passage actually like?
March 2023. Attempt four.
What is the Antarctica Marathon course like?
The ball to which we were invited
Is it worth it?
Aspiring Antarctica marathoners might ask
Nancy Carleton
Other stops on this layover","What the Antarctica Marathon actually is
How do you enter the Antarctica Marathon, and what does it cost?
The pen incident, 2008
Enter Jay, dressed as the Anchorman news team
Four attempts, or: why getting there is the whole story
What is crossing the Drake Passage actually like?
March 2023. Attempt four.
What is the Antarctica Marathon course like?
The ball to which we were invited
Is it worth it?
Aspiring Antarctica marathoners might ask",3052,2940,32,27,4,4,<truncated>,<truncated>,17536,16880,14284833480653007756,14550352701478547591,,
21,20,https://www.thatlayover.life/pillars/cultural-intelligence,https://www.thatlayover.life/pillars/cultural-intelligence,Cultural Intelligence · That Layover Life,Cultural Intelligence · That Layover Life,text/html; charset=utf-8,text/html; charset=utf-8,false,false,200,200,0,0,true,true,,,What travel teaches about how the world actually works. The Swedish 37-hour week. The customs officer in Pristina.,What travel teaches about how the world actually works. The Swedish 37-hour week. The customs officer in Pristina.,,,Cultural Intelligence,Cultural Intelligence,,,737,597,31,26,2,2,<truncated>,<truncated>,4430,3610,1316777627298040913,4503251242285210520,,
21,20,https://www.thatlayover.life/pillars/travel-logistics,https://www.thatlayover.life/pillars/travel-logistics,Travel Logistics · That Layover Life,Travel Logistics · That Layover Life,text/html; charset=utf-8,text/html; charset=utf-8,false,false,200,200,0,0,true,true,,,"Visas, AHCs, EV charging, real wifi, customs surprises. The unsexy intel that actually saves the trip.","Visas, AHCs, EV charging, real wifi, customs surprises. The unsexy intel that actually saves the trip.",,,Travel Logistics,Travel Logistics,,,735,595,31,26,2,2,<truncated>,<truncated>,4408,3588,543499733340001446,2560684426309779738,,
20,20,https://www.thatlayover.life/paw-passport/magnus-cph-to-malmo-border,https://www.thatlayover.life/paw-passport/magnus-cph-to-malmo-border,The Copenhagen-to-Malmö Border Patrol (by Magnus 🐻‍❄️) · Paw Passport,The Copenhagen-to-Malmö Border Patrol (by Magnus 🐻‍❄️) · Paw Passport,text/html; charset=utf-8,text/html; charset=utf-8,false,false,200,200,0,0,true,true,,,"The Øresund bridge with a 45-kilo Samoyed. EU pet passport mechanics, Malmö coffee shop intel, and one customs officer named Inger.","The Øresund bridge with a 45-kilo Samoyed. EU pet passport mechanics, Malmö coffee shop intel, and one customs officer named Inger.",,,The Copenhagen-to-Malmö Border Patrol (by Magnus 🐻‍❄️),The Copenhagen-to-Malmö Border Patrol (by Magnus 🐻‍❄️),,,547,522,31,26,2,2,<truncated>,<truncated>,3155,3003,242947267927208267,14894156860959340741,,
20,20,https://www.thatlayover.life/paw-passport/magnus-boryana-sofia-bulgaria,https://www.thatlayover.life/paw-passport/magnus-boryana-sofia-bulgaria,"Boryana, My Best Human in the World (Sofia, by Magnus 🐻‍❄️) · Paw Passport","Boryana, My Best Human in the World (Sofia, by Magnus 🐻‍❄️) · Paw Passport",text/html; charset=utf-8,text/html; charset=utf-8,false,false,200,200,0,0,true,true,,,"Sofia in May: an eight-year-old named Boryana, cherry kissel under the table, and Bulgaria pet entry, leash law and dog-friendly restaurants.","Sofia in May, the long restaurant on Vitosha, an eight-year-old in braids named Boryana, and the cherry kissel that arrived under the table eight spoonfuls at a time. Bulgaria pet entry, leash law, dog-friendly restaurants.",,,"Boryana, My Best Human in the World (Sofia, by Magnus 🐻‍❄️)","Boryana, My Best Human in the World (Sofia, by Magnus 🐻‍❄️)",,,797,772,31,26,2,2,<truncated>,<truncated>,4628,4476,2983159769617720719,594194394802741083,,
20,20,https://www.thatlayover.life/layovers/cph-copenhagen-6h,https://www.thatlayover.life/layovers/cph-copenhagen-6h,The 6-Hour Copenhagen Reset (from CPH) · Layover Guide,The 6-Hour Copenhagen Reset (from CPH) · Layover Guide,text/html; charset=utf-8,text/html; charset=utf-8,false,false,200,200,0,0,true,true,,,"Six hours from CPH by someone who lives there. The M2 metro, smørrebrød at Schønnemann, the Wednesday cinnamon roll, the sauna swim, and the Round Tower.","Six hours from CPH by someone who lives there. The M2 metro, smørrebrød at Schønnemann, the Wednesday cinnamon roll, the sauna swim, and the Round Tower.",,,The 6-Hour Copenhagen Reset (from CPH),The 6-Hour Copenhagen Reset (from CPH),"Getting in and out
The walk-through
Practical","Getting in and out
The walk-through
Practical",802,777,31,26,2,2,<truncated>,<truncated>,4511,4359,13898481094511253687,17666338252156541676,,
20,20,https://www.thatlayover.life/countries/ghana,https://www.thatlayover.life/countries/ghana,Ghana · Country Guide,Ghana · Country Guide,text/html; charset=utf-8,text/html; charset=utf-8,false,false,200,200,0,0,true,true,,,"Everyone wears white at Easter, the mountain is steeper than the brochure implied, and the monkeys treat your arms as a scheduled shift.","Everyone wears white at Easter, the mountain is steeper than the brochure implied, and the monkeys treat your arms as a scheduled shift.",,,Ghana,Ghana,"Open slot.
Been here?",Been here? Log it.,550,441,31,26,2,2,<truncated>,<truncated>,3234,2641,3564189433677819299,3056200725168190259,,
20,20,https://www.thatlayover.life/marathon-diaries/copenhagen-marathon-2026-recap,https://www.thatlayover.life/marathon-diaries/copenhagen-marathon-2026-recap,Copenhagen Marathon 2026 (Recap) · Marathon Diary,Copenhagen Marathon 2026 (Recap) · Marathon Diary,text/html; charset=utf-8,text/html; charset=utf-8,false,false,200,200,0,0,true,true,,,"Home marathon, 3-minute PR, the orange slice from a Danish four-year-old that moved the wall.","Home marathon, 3-minute PR, the orange slice from a Danish four-year-old that moved the wall.",,,Copenhagen Marathon 2026 (Recap),Copenhagen Marathon 2026 (Recap),"The race
Race week in the city","The race
Race week in the city",992,967,31,26,2,2,<truncated>,<truncated>,5642,5490,4380409825593399867,14023205596168268298,,
20,20,https://www.thatlayover.life/marathon-diaries/tokyo-marathon-2027-prerace,https://www.thatlayover.life/marathon-diaries/tokyo-marathon-2027-prerace,Tokyo Marathon 2027 (Pre-race Build) · Marathon Diary,Tokyo Marathon 2027 (Pre-race Build) · Marathon Diary,text/html; charset=utf-8,text/html; charset=utf-8,false,false,200,200,0,0,true,true,,,"Pre-race build for Tokyo, the sixth Major. Where to sleep, what to eat from T-3, the palace loop, the 5am train to the start. (No, I will not say it.)","Pre-race build for Tokyo, the sixth Major. (No, I will not say it.)",,,Tokyo Marathon 2027 (Pre-race Build),Tokyo Marathon 2027 (Pre-race Build),"The race
Race week in the city","The race
Race week in the city",483,441,31,26,2,2,<truncated>,<truncated>,2772,2537,3654191189539543256,14628784632350498058,,
20,,https://www.thatlayover.life/stories/sort-sol-black-sun-denmark,,Sort Sol in Denmark: how to see the Black Sun murmuration,,text/html; charset=utf-8,,false,,200,,0,,true,,,,"What Sort Sol actually is, when and where to see the Black Sun starling murmuration in the Tønder marshlands, why the shapes only happen sometimes, and what a last-minute weekend costs.",,,,I Drove Across Denmark to Watch a Million Birds Go to Bed,,"What Sort Sol actually is
Getting there, and the windows-down thing
Finding the birds
Every starling in Denmark clocks out at 6:45
Dinner in another country
Car camping, with one complication
Sunday
What I would tell you
Nancy Carleton
Other stops on this layover",,2594,,32,,4,,<truncated>,,14331,,14598027599613831372,,,
20,20,https://www.thatlayover.life/countries/bulgaria,https://www.thatlayover.life/countries/bulgaria,Bulgaria · Country Guide,Bulgaria · Country Guide,text/html; charset=utf-8,text/html; charset=utf-8,false,false,200,200,0,0,true,true,,,"Piping banitsa for breakfast, architecture that rewards a slow walk, and one more sidewalk baguette in a region that clearly has an underground bread distribution problem.","Piping banitsa for breakfast, architecture that rewards a slow walk, and one more sidewalk baguette in a region that clearly has an underground bread distribution problem.",,,Bulgaria,Bulgaria,"Open slot.
Been here?",Been here? Log it.,550,441,31,26,2,2,<truncated>,<truncated>,3271,2675,17479476669469762453,1299061082808446664,,
20,20,https://www.thatlayover.life/paw-passport/magnus-montenegro-border,https://www.thatlayover.life/paw-passport/magnus-montenegro-border,Magnus 🐻‍❄️ at the Montenegro Border · Paw Passport,Magnus 🐻‍❄️ at the Montenegro Border · Paw Passport,text/html; charset=utf-8,text/html; charset=utf-8,false,false,200,200,0,0,true,true,,,"Magnus 🐻‍❄️ files a field report from the Croatia to Montenegro border. The AHC, the wasp, the Mangalitsa. What you actually need at the booth.","Magnus 🐻‍❄️ files a field report from the Croatia to Montenegro border. The AHC, the wasp, the Mangalitsa. What you actually need at the booth.",,,Magnus 🐻‍❄️ at the Montenegro Border,Magnus 🐻‍❄️ at the Montenegro Border,,,449,424,31,26,2,2,<truncated>,<truncated>,2629,2477,3799650545375977404,1240866427524243951,,
20,,https://www.thatlayover.life/stories/northern-brazil-sequins-to-sloths,,"Northern Brazil: Salvador Carnaval, Lençóis Maranhenses and the Amazon",,text/html; charset=utf-8,,false,,200,,0,,true,,,,"Carnaval in Salvador with 2.5 million people, how the dune lagoons of Lençóis Maranhenses form and when they are full, and six days on the Rio Negro at Anavilhanas Jungle Lodge.",,,,From Sequins to Sloths: Northern Brazil for the Chronically Curious,,"Salvador: the math does not work, and it happens anyway
Lençóis Maranhenses: the desert that fills up
Anavilhanas: six days of the jungle not caring about your inbox
What I would tell you
Nancy Carleton
Other stops on this layover",,2024,,32,,4,,<truncated>,,11434,,17845004146010288331,,https://www.thatlayover.life/stories,
20,20,https://www.thatlayover.life/paw-passport/magnus-airport-pickup-ritual-cph,https://www.thatlayover.life/paw-passport/magnus-airport-pickup-ritual-cph,"The Airport Pickup Ritual (CPH, on Mama) · Paw Passport","The Airport Pickup Ritual (CPH, on Mama) · Paw Passport",text/html; charset=utf-8,text/html; charset=utf-8,false,false,200,200,0,0,true,true,,,"Copenhagen Airport pickup, told by Magnus 🐻‍❄️. The diagnostic sniff, the verdict, and the parking lots that make it work.","Copenhagen Airport pickup, told by Magnus 🐻‍❄️. The diagnostic sniff, the verdict, and the parking lots that make it work.",,,"The Airport Pickup Ritual (CPH, on Mama)","The Airport Pickup Ritual (CPH, on Mama)",,,503,478,31,26,2,2,<truncated>,<truncated>,2898,2746,16986125588049745091,1422774686348734011,,
20,20,https://www.thatlayover.life/countries/montenegro,https://www.thatlayover.life/countries/montenegro,Montenegro · Country Guide,Montenegro · Country Guide,text/html; charset=utf-8,text/html; charset=utf-8,false,false,200,200,0,0,true,true,,,"Small enough to cross in an afternoon, mountainous enough that you will not.","Small enough to cross in an afternoon, mountainous enough that you will not.",,,Montenegro,Montenegro,"Open slot.
Been here?",Been here? Log it.,581,472,31,26,2,2,<truncated>,<truncated>,3442,2844,1662093275466488583,3539934406195257691,,
20,20,https://www.thatlayover.life/countries/denmark,https://www.thatlayover.life/countries/denmark,Denmark · Country Guide,Denmark · Country Guide,text/html; charset=utf-8,text/html; charset=utf-8,false,false,200,200,0,0,true,true,,,"Easy to live in, hard to be impressed by, and the single best country on earth for missing a train.","Easy to live in, hard to be impressed by, and the single best country on earth for missing a train.",,,Denmark,Denmark,"Open slot.
Been here?",Been here? Log it.,586,477,31,26,2,2,<truncated>,<truncated>,3443,2848,17149029049746758711,4476382971197052510,,
20,20,https://www.thatlayover.life/layovers/sof-sofia-3h,https://www.thatlayover.life/layovers/sof-sofia-3h,"Three Hours in Sofia, If You Must (from SOF) · Layover Guide","Three Hours in Sofia, If You Must (from SOF) · Layover Guide",text/html; charset=utf-8,text/html; charset=utf-8,false,false,200,200,0,0,true,true,,,"Three hours from SOF, planned tight. Tarator at Made in Home, the cathedral from across the road, and a candlelit shot of rakia at Hambara.","Three hours from SOF, planned tight. Tarator at Made in Home, the cathedral from across the road, and a candlelit shot of rakia at Hambara.",,,"Three Hours in Sofia, If You Must (from SOF)","Three Hours in Sofia, If You Must (from SOF)","Getting in and out
The walk-through
Practical","Getting in and out
The walk-through
Practical",531,506,31,26,2,2,<truncated>,<truncated>,3012,2860,13846212346111924747,2468479563150781429,,
