layer,type,name,country_code,lat,lng,status,favorite,also_wishlist,placesbeen_id
Airports,Large airport,Dubai International Airport,AE,25.2527999878,55.3643989563,Been,False,False,187764
Airports,Large airport,Quatro de Fevereiro Airport,AO,-8.85837,13.2312,Been,False,False,188274
Airports,Large airport,Vienna International Airport,AT,48.110298156738,16.569700241089,Been,False,False,187843
Airports,Large airport,Sydney Kingsford Smith International Airport,AU,-33.9460983276367,151.177001953125,Been,False,False,187807
Airports,Large airport,Viru Viru International Airport,BO,-17.6448,-63.135399,Been,False,False,188281
Airports,Large airport,Congonhas Airport,BR,-23.6261100769042,-46.6563873291015,Been,False,False,187882
Airports,Large airport,Guarulhos - Governador André Franco Montoro International Airport,BR,-23.4355564117431,-46.4730567932128,Been,False,False,187811
Airports,Large airport,Presidente Juscelino Kubistschek International Airport,BR,-15.8691673278808,-47.9208335876464,Been,False,False,187905
Airports,Large airport,Rio Galeão – Tom Jobim International Airport,BR,-22.8099994659,-43.2505569458,Been,False,False,187910
Airports,Large airport,Calgary International Airport,CA,51.113899231,-114.019996643,Been,False,False,187901
Airports,Large airport,Zürich Airport,CH,47.464699,8.54917,Been,False,False,187829
Airports,Large airport,Comodoro Arturo Merino Benítez International Airport,CL,-33.3930015563964,-70.7857971191406,Been,False,False,187902
Airports,Large airport,El Dorado International Airport,CO,4.70159,-74.1469,Been,False,False,187840
Airports,Large airport,Larnaca International Airport,CY,34.8750991821289,33.624900817871,Been,False,False,188014
Airports,Large airport,Václav Havel Airport Prague,CZ,50.1008,14.26,Been,False,False,187906
Airports,Large airport,Berlin-Tegel Airport,DE,52.5597,13.2877,Been,False,False,187876
Airports,Large airport,Frankfurt am Main Airport,DE,50.033333,8.570556,Been,False,False,187775
Airports,Large airport,Hamburg Airport,DE,53.630401611328,9.9882297515869,Been,False,False,187903
Airports,Large airport,Munich Airport,DE,48.353802,11.7861,Been,False,False,187799
Airports,Large airport,Copenhagen Kastrup Airport,DK,55.617900848389,12.656000137329,Been,False,False,187830
Airports,Large airport,Punta Cana International Airport,DO,18.5673999785999,-68.3634033203,Been,False,False,188188
Airports,Large airport,Mariscal Sucre International Airport,EC,-0.129166666667,-78.3575,Been,False,False,188070
Airports,Large airport,Cairo International Airport,EG,30.1219005584716,31.4055995941162,Been,False,False,187911
Airports,Large airport,Luxor International Airport,EG,25.671,32.7066,Been,False,False,188760
Airports,Large airport,Tenerife South Airport,ES,28.044500351,-16.5725002289,Been,False,False,187956
Airports,Large airport,Helsinki Vantaa Airport,FI,60.317199707031,24.963300704956,Been,False,False,187881
Airports,Large airport,Charles de Gaulle International Airport,FR,49.012798,2.55,Been,False,False,187771
Airports,Large airport,Nice-Côte d'Azur Airport,FR,43.6584014893,7.21586990356,Been,False,False,187926
Airports,Large airport,London Gatwick Airport,GB,51.148102,-0.190278,Been,False,False,187800
Airports,Large airport,London Heathrow Airport,GB,51.4706,-0.461941,Been,False,False,187768
Airports,Large airport,London Stansted Airport,GB,51.8849983215,0.234999999404,Been,False,False,187841
Airports,Large airport,Kotoka International Airport,GH,5.60518980026245,-0.16678600013256,Been,False,False,188467
Airports,Large airport,Eleftherios Venizelos International Airport,GR,37.9364013672,23.9444999695,Been,False,False,187861
Airports,Large airport,Hong Kong International Airport,HK,22.308901,113.915001,Been,False,False,187769
Airports,Large airport,Zagreb Airport,HR,45.7429008484,16.0687999725,Been,False,False,188179
Airports,Large airport,Ngurah Rai (Bali) International Airport,ID,-8.7481698989868,115.16699981689,Been,False,False,187865
Airports,Large airport,Dublin Airport,IE,53.421299,-6.27007,Been,False,False,187827
Airports,Large airport,Tokyo Haneda International Airport,JP,35.552299,139.779999,Been,False,False,187766
Airports,Large airport,Phnom Penh International Airport,KH,11.5466003417968,104.844001770019,Been,False,False,188173
Airports,Large airport,Siem Reap International Airport,KH,13.4106998444,103.81300354,Been,False,False,188168
Airports,Large airport,Almaty Airport,KZ,43.3521003723144,77.0404968261718,Been,False,False,188073
Airports,Large airport,Riga International Airport,LV,56.923599243164,23.9710998535156,Been,False,False,188031
Airports,Large airport,Podgorica Airport,ME,42.359402,19.2519,Been,False,False,188529
Airports,Large airport,Malta International Airport,MT,35.857498,14.4775,Been,False,False,188037
Airports,Large airport,Licenciado Benito Juarez International Airport,MX,19.4363,-99.072098,Been,False,False,187794
Airports,Large airport,Los Cabos International Airport,MX,23.1518001556396,-109.721000671386,Been,False,False,188091
Airports,Large airport,Amsterdam Airport Schiphol,NL,52.308601,4.76389,Been,False,False,187772
Airports,Large airport,Oslo Gardermoen Airport,NO,60.193901062012,11.100399971008,Been,False,False,187838
Airports,Large airport,Tribhuvan International Airport,NP,27.6966,85.3591,Been,False,False,188187
Airports,Large airport,Auckland International Airport,NZ,-37.0080986022999,174.792007446,Been,False,False,187884
Airports,Large airport,Christchurch International Airport,NZ,-43.4893989562988,172.531997680664,Been,False,False,188035
Airports,Large airport,Muscat International Airport,OM,23.5932998657226,58.2844009399414,Been,False,False,187945
Airports,Large airport,Tocumen International Airport,PA,9.0713596344,-79.3834991455,Been,False,False,187917
Airports,Large airport,Jorge Chávez International Airport,PE,-12.0219,-77.114305,Been,False,False,187879
Airports,Large airport,Gdańsk Lech Wałęsa Airport,PL,54.3776016235351,18.4661998748779,Been,False,False,188096
Airports,Large airport,Warsaw Chopin Airport,PL,52.1656990051,20.9671001433999,Been,False,False,187898
Airports,Large airport,Humberto Delgado Airport (Lisbon Portela Airport),PT,38.7813,-9.13592,Been,False,False,187835
Airports,Large airport,Hamad International Airport,QA,25.273056,51.608056,Been,False,False,187821
Airports,Large airport,Belgrade Nikola Tesla Airport,RS,44.8184013367,20.3090991974,Been,False,False,188075
Airports,Large airport,Stockholm-Arlanda Airport,SE,59.651901245117,17.918600082397,Been,False,False,187845
Airports,Large airport,Singapore Changi Airport,SG,1.35019,103.994003,Been,False,False,187780
Airports,Large airport,Ljubljana Jože Pučnik Airport,SI,46.223701,14.4576,Been,False,False,188383
Airports,Large airport,Monseñor Óscar Arnulfo Romero International Airport,SV,13.4409,-89.055702,Been,False,False,188212
Airports,Large airport,Don Mueang International Airport,TH,13.9125995636,100.607002258,Been,False,False,187815
Airports,Large airport,Phuket International Airport,TH,8.1132,98.316902,Been,False,False,187896
Airports,Large airport,Istanbul Airport,TR,41.275278,28.751944,Been,False,False,187778
Airports,Large airport,Julius Nyerere International Airport,TZ,-6.87811,39.202599,Been,False,False,188465
Airports,Large airport,Albuquerque International Sunport,US,35.040199,-106.609001,Been,False,False,188097
Airports,Large airport,Baltimore/Washington International Thurgood Marshall Airport,US,39.1754,-76.668297,Been,False,False,187848
Airports,Large airport,Charlotte Douglas International Airport,US,35.2140007019043,-80.9430999755859,Been,False,False,187798
Airports,Large airport,Chicago O'Hare International Airport,US,41.9786,-87.9048,Been,False,False,187767
Airports,Large airport,Cincinnati Northern Kentucky International Airport,US,39.0488014221,-84.6678009033,Been,False,False,188010
Airports,Large airport,Cleveland Hopkins International Airport,US,41.4117012024,-81.8498001099,Been,False,False,187983
Airports,Large airport,Dallas Fort Worth International Airport,US,32.896801,-97.038002,Been,False,False,187776
Airports,Large airport,Denver International Airport,US,39.861698150635,-104.672996521,Been,False,False,187781
Airports,Large airport,Detroit Metropolitan Wayne County Airport,US,42.2123985290527,-83.353401184082,Been,False,False,187822
Airports,Large airport,Hartsfield Jackson Atlanta International Airport,US,33.6367,-84.428101,Been,False,False,187762
Airports,Large airport,Indianapolis International Airport,US,39.7173,-86.294403,Been,False,False,187990
Airports,Large airport,John F Kennedy International Airport,US,40.63980103,-73.77890015,Been,False,False,187783
Airports,Large airport,La Guardia Airport,US,40.77719879,-73.87259674,Been,False,False,187833
Airports,Large airport,Los Angeles International Airport,US,33.94250107,-118.4079971,Been,False,False,187765
Airports,Large airport,McCarran International Airport,US,36.08010101,-115.1520004,Been,False,False,187791
Airports,Large airport,Memphis International Airport,US,35.0424003601074,-89.9766998291015,Been,False,False,188134
Airports,Large airport,Miami International Airport,US,25.7931995391845,-80.2906036376953,Been,False,False,187804
Airports,Large airport,Minneapolis-St Paul International/Wold-Chamberlain Airport,US,44.882,-93.221802,Been,False,False,187819
Airports,Large airport,Philadelphia International Airport,US,39.871898651123,-75.241096496582,Been,False,False,187831
Airports,Large airport,Phoenix Sky Harbor International Airport,US,33.4342994689941,-112.012001037597,Been,False,False,187805
Airports,Large airport,Portland International Airport,US,45.58869934,-122.5979996,Been,False,False,187891
Airports,Large airport,Ronald Reagan Washington National Airport,US,38.8521,-77.037697,Been,False,False,187864
Airports,Large airport,Salt Lake City International Airport,US,40.7883987426757,-111.977996826171,Been,False,False,187860
Airports,Large airport,San Diego International Airport,US,32.7336006165,-117.190002441,Been,False,False,187875
Airports,Large airport,San Francisco International Airport,US,37.6189994812011,-122.375,Been,False,False,187786
Airports,Large airport,Seattle Tacoma International Airport,US,47.449001,-122.308998,Been,False,False,187790
Airports,Large airport,Washington Dulles International Airport,US,38.94449997,-77.45580292,Been,False,False,187873
Airports,Large airport,Tan Son Nhat International Airport,VN,10.8187999725,106.652000427,Been,False,False,187816
Airports,Large airport,Cape Town International Airport,ZA,-33.9648017883,18.6016998291,Been,False,False,187966
Airports,Large airport,O R Tambo International,ZA,-26.1392,28.246,Been,False,False,187880
Airports,Medium airport,Cataratas Del Iguazú International Airport,AR,-25.737301,-54.4734,Been,False,False,188678
Airports,Medium airport,Jorge Newbery Airpark,AR,-34.5592,-58.4156,Been,False,False,187927
Airports,Medium airport,Malvinas Argentinas Airport,AR,-54.8433,-68.2958,Been,False,False,188725
Airports,Medium airport,Queen Beatrix International Airport,AW,12.5014,-70.015198,Been,False,False,188327
Airports,Medium airport,El Alto International Airport,BO,-16.5132999420166,-68.1922988891601,Been,False,False,188387
Airports,Medium airport,Porto Seguro Airport,BR,-16.438601,-39.080898,Been,False,False,190862
Airports,Medium airport,Viracopos International Airport,BR,-23.0074005127,-47.1344985962,Been,False,False,187979
Airports,Medium airport,Juan Santamaria International Airport,CR,9.99386024475097,-84.2088012695312,Been,False,False,188050
Airports,Medium airport,Hato International Airport,CW,12.1889,-68.959801,Been,False,False,188374
Airports,Medium airport,Aswan International Airport,EG,23.9643993378,32.8199996948,Been,False,False,195327
Airports,Medium airport,Split Airport,HR,43.5388984680175,16.2980003356933,Been,False,False,188195
Airports,Medium airport,Toussaint Louverture International Airport,HT,18.579999923706,-72.2925033569336,Been,False,False,188449
Airports,Medium airport,Sangster International Airport,JM,18.5037002563476,-77.9133987426757,Been,False,False,188128
Airports,Medium airport,Wattay International Airport,LA,17.9883003235,102.56300354,Been,False,False,191269
Airports,Medium airport,Moshoeshoe I International Airport,LS,-29.4622993469238,27.5524997711181,Been,False,False,189616
Airports,Medium airport,Palanga International Airport,LT,55.9732017517089,21.0939006805419,Been,False,False,195404
Airports,Medium airport,Menara Airport,MA,31.6068992614999,-8.03629970551,Been,False,False,188150
Airports,Medium airport,Licenciado Manuel Crescencio Rejon Int Airport,MX,20.9370002746999,-89.657699585,Been,False,False,188272
Airports,Medium airport,Narvik Framnes Airport,NO,68.436897277832,17.386699676514,Been,False,False,189419
Airports,Medium airport,Mount Cook Airport,NZ,-43.7649993896484,170.132995605468,Been,False,False,190454
Airports,Medium airport,Queenstown International Airport,NZ,-45.0210990906,168.738998413,Been,False,False,188319
Airports,Medium airport,Taipei Songshan Airport,TW,25.0694007873535,121.552001953125,Been,False,False,188067
Airports,Medium airport,Kilimanjaro International Airport,TZ,-3.42940998077,37.0745010376,Been,False,False,195259
Airports,Medium airport,Central Wisconsin Airport,US,44.7775993347,-89.6668014526,Been,False,False,195485
Airports,Medium airport,El Paso International Airport,US,31.80719948,-106.3779984,Been,False,False,188218
Airports,Medium airport,Kahului Airport,US,20.8986,-156.429993,Been,False,False,188041
Airports,Medium airport,Lihue Airport,US,21.9759998321533,-159.339004516601,Been,False,False,188221
Airports,Medium airport,Long Beach /Daugherty Field/ Airport,US,33.81769943,-118.1520004,Been,False,False,188156
Airports,Medium airport,Cam Ranh Airport,VN,11.9982004165649,109.219001770019,Been,False,False,188101
Airports,Medium airport,Phu Quoc International Airport,VN,10.1698,103.9931,Been,False,False,188182
Airports,Medium airport,Malamala Airport,ZA,-24.8180999755859,31.544599533081,Been,False,False,189474
Airports,Medium airport,Victoria Falls International Airport,ZW,-18.0958995819091,25.8390007019042,Been,False,False,195655
Airports,Small airport,Seymour Airport,EC,-0.453758001327514,-90.2658996582031,Been,False,False,188652
Airports,Small airport,Lukla Airport,NP,27.6868991851806,86.7296981811523,Been,False,False,194578
Airports,Small airport,Panama Pacific International Airport,PA,8.91479,-79.599602,Been,False,False,193571
Cities,City,Andorra la Vella,AD,42.50779,1.52109,Been,False,False,18471
Cities,City,Abu Dhabi,AE,24.46667,54.36667,Been,False,False,637
Cities,City,Dubai,AE,25.0657,55.17128,Been,False,False,312
Cities,City,Shkodër,AL,42.06828,19.51258,Been,False,False,4864
Cities,City,Deception Island,AQ,-62.95,-60.633,Been,False,False,196317
Cities,City,Half Moon Island,AQ,-62.59011,-59.92034,Been,False,False,196316
Cities,City,Machu Picchu Research Station,AQ,-62.09166,-58.47061,Been,False,False,196320
Cities,City,McMurdo Station,AQ,-77.846,166.676,Wishlist,False,True,95826
Cities,City,Rothera Research Station,AQ,-67.56842,-68.1258,Been,False,False,196314
Cities,City,Buenos Aires,AR,-34.61315,-58.37723,Been,False,False,3
Cities,City,El Calafate,AR,-50.34075,-72.27682,Been,False,False,34982
Cities,City,Mendoza,AR,-32.89084,-68.82717,Been,False,False,402
Cities,City,Río Grande,AR,-53.78769,-67.70946,Wishlist,False,True,8279
Cities,City,Ushuaia,AR,-54.8,-68.3,Been,False,True,7560
Cities,City,Trieben,AT,47.48574,14.48744,Been,False,False,70154
Cities,City,Brisbane,AU,-27.46794,153.02809,Been,False,False,137
Cities,City,Cairns,AU,-16.92366,145.76613,Been,False,False,2756
Cities,City,Coffs Harbour,AU,-30.29626,153.11351,Been,False,False,15039
Cities,City,Gold Coast,AU,-28.00029,153.43088,Been,False,False,657
Cities,City,Newcastle,AU,-32.92715,151.77647,Been,False,False,1341
Cities,City,Port Macquarie,AU,-31.43084,152.90894,Been,False,False,10203
Cities,City,Sydney,AU,-33.86785,151.20732,Been,False,False,49
Cities,City,Oranjestad,AW,12.52398,-70.02703,Been,False,False,13505
Cities,City,Paradera,AW,12.5351,-70.00688,Been,False,False,27059
Cities,City,Santa Cruz,AW,12.50953,-69.98094,Been,False,False,25819
Cities,City,Mostar,BA,43.34333,17.80806,Been,False,False,4066
Cities,City,Brussels,BE,50.85045,4.34878,Been,False,False,349
Cities,City,Sofia,BG,42.69751,23.32415,Been,False,False,306
Cities,City,La Paz,BO,-16.5,-68.15,Been,False,False,436
Cities,City,Santa Cruz de la Sierra,BO,-17.78629,-63.18117,Been,False,False,240
Cities,City,Andradina,BR,-20.89611,-51.37944,Been,False,False,8324
Cities,City,Angra dos Reis,BR,-23.00667,-44.31806,Been,False,False,2745
Cities,City,Araçatuba,BR,-21.20889,-50.43278,Been,False,False,2475
Cities,City,Bauru,BR,-22.31472,-49.06056,Been,False,False,1220
Cities,City,Belém,BR,-1.45583,-48.50444,Been,False,False,224
Cities,City,Bertioga,BR,-23.85444,-46.13861,Been,False,False,11594
Cities,City,Campo Grande,BR,-20.44278,-54.64639,Been,False,False,500
Cities,City,Campos do Jordão,BR,-22.73944,-45.59139,Been,False,False,8181
Cities,City,Caraguatatuba,BR,-23.62028,-45.41306,Been,False,False,4713
Cities,City,Chapada dos Guimarães,BR,-15.46056,-55.74972,Been,False,False,24828
Cities,City,Cuiabá,BR,-15.59611,-56.09667,Been,False,False,751
Cities,City,Guarulhos,BR,-23.46278,-46.53333,Been,False,False,301
Cities,City,Ilhabela,BR,-23.77806,-45.35806,Been,False,False,12507
Cities,City,João Pessoa,BR,-7.115,-34.86306,Been,False,False,575
Cities,City,Juazeiro do Norte,BR,-7.21306,-39.31528,Been,False,False,1861
Cities,City,Londrina,BR,-23.31028,-51.16278,Been,False,False,839
Cities,City,Manaus,BR,-3.10194,-60.025,Been,False,False,184
Cities,City,Maringá,BR,-23.42528,-51.93861,Been,False,False,1326
Cities,City,Mauá,BR,-23.66778,-46.46139,Been,False,False,1053
Cities,City,Paraty,BR,-23.21778,-44.71306,Been,False,False,23141
Cities,City,Poconé,BR,-16.25667,-56.62278,Been,False,False,17803
Cities,City,Porto Seguro,BR,-16.44972,-39.06472,Been,False,False,3462
Cities,City,Presidente Prudente,BR,-22.12556,-51.38889,Been,False,False,1998
Cities,City,Rio de Janeiro,BR,-22.90642,-43.18223,Been,False,False,39
Cities,City,Rondonópolis,BR,-16.47083,-54.63556,Been,False,False,2761
Cities,City,Salvador,BR,-12.97111,-38.51083,Been,False,False,106
Cities,City,Santos,BR,-23.96083,-46.33361,Been,False,False,982
Cities,City,São Luís,BR,-2.52972,-44.30278,Been,False,False,386
Cities,City,São Paulo,BR,-23.5475,-46.63611,Been,False,False,15
Cities,City,São Roque,BR,-23.52917,-47.13528,Been,False,False,8588
Cities,City,São Sebastião,BR,-23.76,-45.40972,Been,False,False,5659
Cities,City,Três Lagoas,BR,-20.78765,-51.70338,Been,False,False,5481
Cities,City,Ubatuba,BR,-23.43389,-45.07111,Been,False,False,5457
Cities,City,Kasane,BW,-17.80165,25.16024,Been,False,False,32040
Cities,City,Belmopan,BZ,17.25,-88.76667,Been,False,False,25173
Cities,City,Calgary,CA,51.05011,-114.08529,Been,False,False,348
Cities,City,Vancouver,CA,49.24966,-123.11934,Been,False,False,644
Cities,City,Whitehorse,CA,60.71611,-135.05375,Been,False,False,16681
Cities,City,Genève,CH,46.20222,6.14569,Been,False,False,2291
Cities,City,Lausanne,CH,46.516,6.63282,Been,False,False,3663
Cities,City,Liddes,CH,45.99249,7.18729,Been,False,False,123381
Cities,City,Luzern,CH,47.05048,8.30635,Been,False,False,7684
Cities,City,Puerto Natales,CL,-51.72987,-72.50603,Been,False,False,18792
Cities,City,Punta Arenas,CL,-53.15483,-70.91129,Been,False,False,3640
Cities,City,Santiago,CL,-33.45694,-70.64827,Been,False,False,47
Cities,City,Bogotá,CO,4.60971,-74.08175,Been,False,False,26
Cities,City,Jacó,CR,9.61497,-84.62975,Been,False,False,52046
Cities,City,San José,CR,9.93333,-84.08333,Been,False,False,1221
Cities,City,Willemstad,CW,12.1084,-68.93354,Been,False,False,3411
Cities,City,Larnaca,CY,34.92291,33.6233,Been,False,False,6007
Cities,City,Olomouc,CZ,49.59552,17.25175,Been,False,False,4185
Cities,City,Prague,CZ,50.08804,14.42076,Been,False,False,302
Cities,City,Berlin,DE,52.52437,13.41053,Been,False,False,82
Cities,City,Dresden,DE,51.05089,13.73832,Been,False,False,808
Cities,City,Düsseldorf,DE,51.22172,6.77616,Been,False,False,684
Cities,City,Frankfurt am Main,DE,50.11552,8.68417,Been,False,False,578
Cities,City,Hamburg,DE,53.57532,10.01534,Been,False,False,168
Cities,City,Konstanz,DE,47.66033,9.17582,Been,False,False,5305
Cities,City,Munich,DE,48.13743,11.57549,Been,False,False,271
Cities,City,Aalborg,DK,57.048,9.9187,Been,False,False,3492
Cities,City,Ballerup,DK,55.73165,12.36328,Been,False,False,10547
Cities,City,Charlottenlund,DK,55.75238,12.5745,Been,False,False,10546
Cities,City,Copenhagen,DK,55.67594,12.56553,Been,False,False,305
Cities,City,Dragør,DK,55.5928,12.67221,Been,False,False,28639
Cities,City,Esbjerg,DK,55.47028,8.45187,Been,False,False,5993
Cities,City,Helsingør,DK,56.03606,12.6136,Been,False,False,11800
Cities,City,Herning,DK,56.13615,8.97662,Been,False,False,9560
Cities,City,Hillerød,DK,55.92791,12.30081,Been,False,False,13172
Cities,City,Holbæk,DK,55.7175,11.71279,Been,False,False,15969
Cities,City,Hvidovre,DK,55.65719,12.47364,Been,False,False,8770
Cities,City,Hørsholm,DK,55.88098,12.50111,Been,False,False,11357
Cities,City,Kolding,DK,55.4904,9.47216,Been,False,False,7912
Cities,City,Køge,DK,55.45802,12.18214,Been,False,False,12173
Cities,City,Nyborg,DK,55.31274,10.78964,Been,False,False,22426
Cities,City,Næstved,DK,55.22992,11.76092,Been,False,False,10396
Cities,City,Odense,DK,55.39594,10.38831,Been,False,False,2909
Cities,City,Randers,DK,56.4607,10.03639,Been,False,False,7849
Cities,City,Roskilde,DK,55.64152,12.08035,Been,False,False,9648
Cities,City,Rødovre,DK,55.68062,12.45373,Been,False,False,13479
Cities,City,Skagen,DK,57.72093,10.58394,Been,False,False,31043
Cities,City,Skibby,DK,55.75122,11.96083,Been,False,False,66463
Cities,City,Stege,DK,54.98704,12.28461,Been,False,False,53680
Cities,City,Taastrup,DK,55.65006,12.3016,Been,False,False,13119
Cities,City,Vejle,DK,55.70927,9.5357,Been,False,False,8505
Cities,City,Viborg,DK,56.45319,9.40201,Been,False,False,11856
Cities,City,Århus,DK,56.15674,10.21076,Been,False,False,1753
Cities,City,Puerto Ayora,EC,-0.74018,-90.3138,Been,False,False,32623
Cities,City,Alexandria,EG,31.20176,29.91582,Been,False,False,61
Cities,City,Aswan,EG,24.09082,32.89942,Been,False,False,1728
Cities,City,Cairo,EG,30.06263,31.24967,Been,False,False,25
Cities,City,Giza,EG,30.00808,31.21093,Been,False,False,121
Cities,City,Luxor,EG,25.69893,32.6421,Been,False,False,956
Cities,City,Alicante,ES,38.34517,-0.48149,Been,False,False,1222
Cities,City,Barcelona,ES,41.38879,2.15899,Been,False,False,176
Cities,City,Caldas de Reis,ES,42.60473,-8.6423,Been,False,False,30425
Cities,City,Galápagos,ES,40.69347,-3.33537,Been,False,False,116068
Cities,City,Madrid,ES,40.4165,-3.70256,Been,False,False,85
Cities,City,Málaga,ES,36.72016,-4.42034,Been,False,False,691
Cities,City,Padrón,ES,42.73875,-8.66057,Been,False,False,32494
Cities,City,Pontevedra,ES,42.431,-8.64435,Been,False,False,5285
Cities,City,Porriño,ES,42.16156,-8.6198,Been,False,False,20854
Cities,City,Santa Cruz de Tenerife,ES,28.46824,-16.25462,Been,False,False,1885
Cities,City,Toledo,ES,39.8581,-4.02263,Been,False,False,5240
Cities,City,Tui,ES,42.04713,-8.64435,Been,False,False,21044
Cities,City,Vigo,ES,42.23282,-8.72264,Been,False,False,1399
Cities,City,Helsinki,FI,60.16952,24.93545,Been,False,False,701
Cities,City,Suva,FJ,-18.14161,178.44149,Been,False,False,5567
Cities,City,Vágur,FO,61.47324,-6.81185,Been,False,False,86547
Cities,City,Bourg-Saint-Maurice,FR,45.61716,6.76902,Been,False,False,34699
Cities,City,Cannes,FR,43.55135,7.01275,Been,False,False,6198
Cities,City,Chamonix-Mont-Blanc,FR,45.92375,6.86933,Been,False,False,29387
Cities,City,Châlons-en-Champagne,FR,48.95393,4.36724,Been,False,False,8489
Cities,City,Grasse,FR,43.66667,6.91667,Been,False,False,9073
Cities,City,Les Contamines-Montjoie,FR,45.82136,6.72817,Been,False,False,100761
Cities,City,Nice,FR,43.70313,7.26608,Been,False,False,1208
Cities,City,Paris,FR,48.85341,2.3488,Been,False,False,139
Cities,City,Reims,FR,49.25,4.03333,Been,False,False,2150
Cities,City,Saint-Tropez,FR,43.26932,6.63981,Been,False,True,41790
Cities,City,Bath,GB,51.3751,-2.36172,Been,False,False,4510
Cities,City,Belfast,GB,54.59682,-5.92541,Been,False,False,1519
Cities,City,Downpatrick,GB,54.32814,-5.71529,Been,False,False,29559
Cities,City,Edinburgh,GB,55.95206,-3.19648,Been,False,False,853
Cities,City,Glasgow,GB,55.86515,-4.25763,Been,False,False,656
Cities,City,Inverness,GB,57.47908,-4.22398,Been,False,False,9206
Cities,City,Liverpool,GB,53.41058,-2.97794,Been,False,False,412
Cities,City,London,GB,51.50853,-0.12574,Been,False,False,27
Cities,City,Wales,GB,53.34061,-1.28162,Been,False,False,41723
Cities,City,Accra,GH,5.55602,-0.1969,Been,False,False,148
Cities,City,Athens,GR,37.98376,23.72784,Been,False,False,568
Cities,City,Guatemala City,GT,14.64072,-90.51327,Been,False,False,360
Cities,City,Comayagua,HN,14.45139,-87.6375,Been,False,False,7466
Cities,City,Tegucigalpa,HN,14.0818,-87.20681,Been,False,False,414
Cities,City,Dubrovnik,HR,42.64807,18.09216,Been,False,False,14097
Cities,City,Hvar,HR,43.1725,16.44278,Been,False,False,55309
Cities,City,Split,HR,43.50891,16.43915,Been,False,False,2390
Cities,City,Zagreb,HR,45.81444,15.97798,Been,False,False,532
Cities,City,Port-au-Prince,HT,18.54349,-72.33881,Been,False,False,277
Cities,City,Budapest,HU,47.49835,19.04045,Been,False,False,166
Cities,City,Denpasar,ID,-8.65,115.21667,Been,False,False,426
Cities,City,Kuta,ID,-8.72332,115.17234,Been,False,False,13467
Cities,City,Ubud,ID,-8.5098,115.2654,Been,False,False,14115
Cities,City,Cork,IE,51.89797,-8.47061,Been,False,False,2209
Cities,City,Dingle,IE,52.14083,-10.26889,Been,False,False,78230
Cities,City,Dublin,IE,53.33306,-6.24889,Been,False,False,347
Cities,City,Agra,IN,27.18333,78.01667,Been,False,False,217
Cities,City,New Delhi,IN,28.63576,77.22445,Been,False,False,1292
Cities,City,Reykjavík,IS,64.13548,-21.89541,Been,False,False,3585
Cities,City,Catania,IT,37.49223,15.07041,Been,False,False,1430
Cities,City,Courmayeur,IT,45.79659,6.96893,Been,False,False,64734
Cities,City,Montego Bay,JM,18.47116,-77.91883,Been,False,False,5190
Cities,City,Phnom Penh,KH,11.56245,104.91601,Been,False,False,187
Cities,City,Siem Reap,KH,13.36179,103.86056,Been,False,False,3038
Cities,City,Almaty,KZ,43.25667,76.92861,Been,False,False,142
Cities,City,Vientiane,LA,17.96667,102.6,Been,False,False,2146
Cities,City,Vaduz,LI,47.14151,9.52154,Been,False,False,45218
Cities,City,Maseru,LS,-29.31667,27.48333,Been,False,False,3602
Cities,City,Palanga,LT,55.9175,21.06861,Been,False,False,20566
Cities,City,Riga,LV,56.946,24.10589,Been,False,False,495
Cities,City,Imlili,MA,22.6558,-15.60719,Been,False,False,72505
Cities,City,Marrakesh,MA,31.63416,-7.99994,Been,False,False,425
Cities,City,Monaco,MC,43.73333,7.41667,Been,False,False,12483
Cities,City,Budva,ME,42.28639,18.84,Been,False,False,20404
Cities,City,Herceg-Novi,ME,42.45306,18.5375,Been,False,False,19158
Cities,City,Kotor,ME,42.42067,18.76825,Been,False,False,44456
Cities,City,Podgorica,ME,42.44111,19.26361,Been,False,False,3091
Cities,City,Skopje,MK,41.99646,21.43141,Been,False,False,833
Cities,City,Valletta,MT,35.89972,14.51472,Been,False,False,38673
Cities,City,Cabo San Lucas,MX,22.89088,-109.91238,Been,False,False,6331
Cities,City,Juárez,MX,31.72024,-106.46084,Been,False,False,249
Cities,City,La Paz,MX,24.14437,-110.3005,Been,False,False,1947
Cities,City,Mexico City,MX,19.42847,-99.12766,Been,False,False,5
Cities,City,Mérida,MX,20.97537,-89.61696,Been,False,False,464
Cities,City,Tijuana,MX,32.5027,-117.00371,Been,False,False,253
Cities,City,Todos Santos,MX,23.44688,-110.22308,Been,False,False,45467
Cities,City,Kuala Lumpur,MY,3.1412,101.68653,Been,False,False,208
Cities,City,Amsterdam,NL,52.37403,4.88969,Been,False,False,496
Cities,City,Bergen,NO,60.39299,5.32415,Been,False,False,1955
Cities,City,Moss,NO,59.43403,10.65771,Been,False,False,11971
Cities,City,Odda,NO,60.06912,6.54565,Been,False,False,44393
Cities,City,Oslo,NO,59.91273,10.74609,Been,False,False,671
Cities,City,Stavanger,NO,58.97005,5.73332,Wishlist,False,True,3512
Cities,City,Tromsø,NO,69.6489,18.95508,Been,False,False,8316
Cities,City,Trondheim,NO,63.43049,10.39506,Been,False,False,2886
Cities,City,Kathmandu,NP,27.70169,85.3206,Been,False,False,210
Cities,City,Namche Bazar,NP,27.80528,86.71058,Been,False,False,71595
Cities,City,Auckland,NZ,-36.84853,174.76349,Been,False,False,970
Cities,City,Christchurch,NZ,-43.53333,172.63333,Been,False,False,1114
Cities,City,Hanmer Springs,NZ,-42.51667,172.81667,Been,False,False,119331
Cities,City,Queenstown,NZ,-45.03023,168.66271,Been,False,False,29665
Cities,City,Rotorua,NZ,-38.13874,176.24516,Been,False,False,6605
Cities,City,Westport,NZ,-41.75262,171.6037,Been,False,False,55813
Cities,City,Panama City,PA,9.33404,-79.89172,Been,False,False,180909
Cities,City,Panamá,PA,8.9936,-79.51973,Been,False,False,994
Cities,City,Cusco,PE,-13.52264,-71.96734,Been,False,False,1325
Cities,City,Lima,PE,-12.04318,-77.02824,Been,False,False,24
Cities,City,Maras,PE,-13.335,-72.15667,Been,False,False,181594
Cities,City,Morococha,PE,-11.59972,-76.14111,Wishlist,False,True,35312
Cities,City,Ollantaytambo,PE,-13.25722,-72.26306,Been,False,False,77484
Cities,City,El Nido,PH,11.18583,119.39556,Been,False,False,35544
Cities,City,Manila,PH,14.6042,120.9822,Been,False,False,181
Cities,City,Puerto Princesa,PH,9.73917,118.73528,Been,False,False,1883
Cities,City,Gdańsk,PL,54.35205,18.64637,Been,False,False,858
Cities,City,Arcos,PT,41.39629,-8.66685,Been,False,False,116994
Cities,City,Barcelos,PT,41.53174,-8.61843,Been,False,False,19532
Cities,City,Esposende,PT,41.5361,-8.78201,Been,False,False,11923
Cities,City,Lisbon,PT,38.71667,-9.13333,Been,False,False,764
Cities,City,Porto,PT,41.14961,-8.61099,Been,False,False,1665
Cities,City,Sintra,PT,38.80097,-9.37826,Been,False,False,15118
Cities,City,Viana do Castelo,PT,41.69323,-8.83287,Been,False,False,11490
Cities,City,Vila Praia de Âncora,PT,41.81098,-8.85255,Been,False,False,46464
Cities,City,Vila do Conde,PT,41.35326,-8.74516,Been,False,False,14470
Cities,City,Ciudad del Este,PY,-25.50972,-54.61111,Been,False,False,1269
Cities,City,Doha,QA,25.28545,51.53096,Been,False,False,1180
Cities,City,Belgrade,RS,44.80401,20.46513,Been,False,False,265
Cities,City,Falkenberg,SE,56.90552,12.49118,Been,False,False,16212
Cities,City,Göteborg,SE,57.70716,11.96679,Been,False,False,686
Cities,City,Helsingborg,SE,56.04673,12.69437,Been,False,False,4073
Cities,City,Malmö,SE,55.60587,13.00073,Been,False,False,1371
Cities,City,Mölle,SE,56.28333,12.5,Been,False,False,131267
Cities,City,Stockholm,SE,59.33258,18.0649,Been,False,False,197
Cities,City,Singapore,SG,1.28967,103.85007,Been,False,False,72
Cities,City,Ljubljana,SI,46.05108,14.50513,Been,False,False,1533
Cities,City,Štrba,SK,49.05913,20.07975,Been,False,False,56091
Cities,City,San Salvador,SV,13.68935,-89.18718,Been,False,False,749
Cities,City,Manzini,SZ,-26.49884,31.38004,Been,False,False,3855
Cities,City,Bangkok,TH,13.75398,100.50144,Been,False,False,44
Cities,City,Phuket,TH,7.89059,98.3981,Been,False,False,4806
Cities,City,Istanbul,TR,41.01384,28.94966,Been,False,False,2
Cities,City,Arusha,TZ,-3.36667,36.68333,Been,False,False,1193
Cities,City,Moshi,TZ,-3.35,37.33333,Been,False,False,2680
Cities,City,Albany,US,42.65258,-73.75623,Been,False,False,4328
Cities,City,Albany,US,44.63651,-123.10593,Been,False,False,8355
Cities,City,Albuquerque,US,35.08449,-106.65114,Been,False,False,698
Cities,City,Aloha,US,45.49428,-122.86705,Been,False,False,8762
Cities,City,Anaheim,US,33.83529,-117.9145,Been,False,False,1162
Cities,City,Anchorage,US,61.21806,-149.90028,Been,False,False,1389
Cities,City,Arlington,US,38.88101,-77.10428,Been,False,False,2019
Cities,City,Ashland,US,37.69465,-122.11385,Been,False,False,17522
Cities,City,Ashland,US,42.19458,-122.70948,Been,False,False,18175
Cities,City,Aumsville,US,44.84095,-122.87092,Been,False,False,52605
Cities,City,Baltimore,US,39.29038,-76.61219,Been,False,False,615
Cities,City,Bandon,US,43.119,-124.40845,Been,False,False,60871
Cities,City,Barview,US,43.35428,-124.31317,Been,False,False,80518
Cities,City,Bay City,US,45.5226,-123.8893,Been,False,False,93343
Cities,City,Beaumont,US,30.08605,-94.10185,Been,False,False,3611
Cities,City,Beaverton,US,45.48706,-122.80371,Been,False,False,4424
Cities,City,Bellevue,US,47.61038,-122.20068,Been,False,False,3031
Cities,City,Bend,US,44.05817,-121.31531,Been,False,False,4946
Cities,City,Berkeley,US,37.87159,-122.27275,Been,False,False,3530
Cities,City,Billings,US,45.78329,-108.50069,Been,False,False,3860
Cities,City,Boise,US,43.6135,-116.20345,Been,False,False,2907
Cities,City,Boston,US,42.35843,-71.05977,Been,False,False,564
Cities,City,Brookings,US,42.05261,-124.28398,Been,False,False,39763
Cities,City,Brooklyn,US,40.6501,-73.94958,Been,False,False,129
Cities,City,Bunker Hill,US,43.35595,-124.20483,Been,False,False,89950
Cities,City,Burns,US,43.58626,-119.0541,Been,False,False,65204
Cities,City,Camas,US,45.58706,-122.39954,Been,False,False,17573
Cities,City,Canby,US,45.2629,-122.69259,Been,False,False,21037
Cities,City,Casper,US,42.86663,-106.31308,Been,False,False,7258
Cities,City,Cave Junction,US,42.16289,-123.64812,Been,False,False,78883
Cities,City,Charlotte,US,35.22709,-80.84313,Been,False,False,430
Cities,City,Cheyenne,US,41.13998,-104.82025,Been,False,False,6898
Cities,City,Chicago,US,41.85003,-87.65005,Been,False,False,105
Cities,City,Chico,US,39.72849,-121.83748,Been,False,False,4737
Cities,City,Cincinnati,US,39.12711,-84.51439,Been,False,False,1402
Cities,City,Cleveland,US,41.4995,-81.69541,Been,False,False,1046
Cities,City,Colorado Springs,US,38.83388,-104.82136,Been,False,False,871
Cities,City,Concord,US,37.97798,-122.03107,Been,False,False,3300
Cities,City,Coos Bay,US,43.3665,-124.21789,Been,False,False,22047
Cities,City,Coquille,US,43.17705,-124.18761,Been,False,False,53869
Cities,City,Corvallis,US,44.56457,-123.26204,Been,False,False,7850
Cities,City,Cottage Grove,US,43.79762,-123.05952,Been,False,False,30619
Cities,City,Crescent City,US,41.75595,-124.20175,Been,False,False,38749
Cities,City,Dallas,US,32.78306,-96.80667,Been,False,False,254
Cities,City,Dallas,US,44.91928,-123.31705,Been,False,False,22948
Cities,City,Delaware City,US,39.57789,-75.58881,Been,False,False,82633
Cities,City,Denver,US,39.73915,-104.9847,Been,False,False,547
Cities,City,Depoe Bay,US,44.80845,-124.06317,Been,False,False,90609
Cities,City,Dobbs Ferry,US,41.01454,-73.87264,Been,False,False,28500
Cities,City,Dunes City,US,43.88318,-124.11512,Been,False,False,93142
Cities,City,Eugene,US,44.05207,-123.08675,Been,False,False,2582
Cities,City,Flagstaff,US,35.19807,-111.65127,Been,False,False,6173
Cities,City,Florence,US,43.98262,-124.09984,Been,False,False,33394
Cities,City,Forest Grove,US,45.51984,-123.11066,Been,False,False,16325
Cities,City,Fort Collins,US,40.58526,-105.08442,Been,False,False,2613
Cities,City,Four Corners,US,44.9279,-122.98371,Been,False,False,22302
Cities,City,Fremont,US,37.54827,-121.98857,Been,False,False,1797
Cities,City,Fresno,US,36.74773,-119.77237,Been,False,False,757
Cities,City,Garibaldi,US,45.55983,-123.91096,Been,False,False,119413
Cities,City,Glasgow,US,43.43456,-124.21122,Been,False,False,120850
Cities,City,Gold Beach,US,42.40733,-124.42177,Been,False,False,72355
Cities,City,Grand Canyon,US,36.05443,-112.13934,Been,False,False,89516
Cities,City,Grand Junction,US,39.06387,-108.55065,Been,False,False,7253
Cities,City,Grand Ronde,US,45.06011,-123.60928,Been,False,False,84371
Cities,City,Grants Pass,US,42.43933,-123.33067,Been,False,False,11260
Cities,City,Gresham,US,45.49818,-122.43148,Been,False,False,3853
Cities,City,Hana,US,20.75806,-155.99028,Been,False,False,96682
Cities,City,Hartford,US,41.76371,-72.68509,Been,False,False,3441
Cities,City,Hawaiian Beaches,US,19.54306,-154.91583,Been,False,False,50698
Cities,City,Hayesville,US,44.98595,-122.98287,Been,False,False,18872
Cities,City,Henderson,US,36.0397,-114.98194,Been,False,False,1454
Cities,City,Hillsboro,US,45.52289,-122.98983,Been,False,False,4147
Cities,City,Honolulu,US,21.30694,-157.85833,Been,False,False,1093
Cities,City,Houston,US,29.76328,-95.36327,Been,False,False,130
Cities,City,Idaho Falls,US,43.46658,-112.03414,Been,False,False,7400
Cities,City,Independence,US,44.85123,-123.18677,Been,False,False,32095
Cities,City,Indianapolis,US,39.76838,-86.15804,Been,False,False,429
Cities,City,Juneau,US,58.30194,-134.41972,Been,False,False,12550
Cities,City,Kaanapali Landing,US,20.9309,-156.68778,Been,False,False,78651
Cities,City,Keizer,US,44.99012,-123.02621,Been,False,False,11045
Cities,City,Kenai,US,60.55444,-151.25833,Been,False,False,35937
Cities,City,Kennewick,US,46.21125,-119.13723,Been,False,False,5465
Cities,City,Kent,US,47.38093,-122.23484,Been,False,False,3354
Cities,City,Klamath Falls,US,42.22487,-121.78167,Been,False,False,17841
Cities,City,Kā‘anapali,US,20.92881,-156.69422,Been,False,False,104421
Cities,City,Kīhei,US,20.76462,-156.44578,Been,False,False,18160
Cities,City,La Grande,US,45.32458,-118.08772,Been,False,False,25585
Cities,City,Lacey,US,47.03426,-122.82319,Been,False,False,9280
Cities,City,Lafayette,US,30.22409,-92.01984,Been,False,False,3332
Cities,City,Lafayette,US,45.24428,-123.11483,Been,False,False,53012
Cities,City,Lahaina,US,20.87429,-156.67663,Been,False,False,27527
Cities,City,Lake Oswego,US,45.42067,-122.67065,Been,False,False,10908
Cities,City,Lakeside,US,43.57567,-124.17511,Been,False,False,82722
Cities,City,Laramie,US,41.31137,-105.5911,Been,False,False,12739
Cities,City,Las Vegas,US,36.17497,-115.13722,Been,False,False,614
Cities,City,Lebanon,US,44.53651,-122.90703,Been,False,False,21907
Cities,City,Lihue,US,21.98121,-159.3721,Been,False,False,39833
Cities,City,Lincoln,US,40.8,-96.66696,Been,False,False,1504
Cities,City,Lincoln Beach,US,44.85039,-124.04678,Been,False,False,76577
Cities,City,Lincoln City,US,44.95816,-124.01789,Been,False,False,33657
Cities,City,Littleton,US,39.61332,-105.01665,Been,False,False,9283
Cities,City,Long Beach,US,33.76696,-118.18923,Been,False,False,836
Cities,City,Longview,US,46.13817,-122.93817,Been,False,False,11322
Cities,City,Los Angeles,US,34.05223,-118.24368,Been,False,False,58
Cities,City,Manhattan,US,40.78343,-73.96625,Been,False,False,200
Cities,City,Mayfield Heights,US,41.51922,-81.4579,Been,False,False,19726
Cities,City,McMinnville,US,45.21012,-123.19872,Been,False,False,12168
Cities,City,Medford,US,42.32652,-122.87559,Been,False,False,5397
Cities,City,Memphis,US,35.14953,-90.04898,Been,False,False,572
Cities,City,Meridian,US,43.61211,-116.39151,Been,False,False,4717
Cities,City,Miami,US,25.77427,-80.19366,Been,False,False,909
Cities,City,Minneapolis,US,44.97997,-93.26384,Been,False,False,984
Cities,City,Modesto,US,37.6391,-120.99688,Been,False,False,1976
Cities,City,Molalla,US,45.14734,-122.57703,Been,False,False,32674
Cities,City,Monmouth,US,44.84845,-123.23399,Been,False,False,30435
Cities,City,Myrtle Point,US,43.06483,-124.13899,Been,False,False,68576
Cities,City,Nampa,US,43.54072,-116.56346,Been,False,False,4764
Cities,City,Netarts,US,45.43483,-123.94596,Been,False,False,121935
Cities,City,New York City,US,40.71427,-74.00597,Been,False,False,20
Cities,City,Newark,US,39.68372,-75.74966,Been,False,False,12195
Cities,City,Newberg,US,45.30012,-122.97316,Been,False,False,16980
Cities,City,Newport,US,44.63678,-124.05345,Been,False,False,29950
Cities,City,North Bend,US,43.4065,-124.22428,Been,False,False,31168
Cities,City,North Las Vegas,US,36.19886,-115.1175,Been,False,False,1785
Cities,City,North Platte,US,41.12389,-100.76542,Been,False,False,16156
Cities,City,Oakland,US,37.80437,-122.2708,Been,False,False,965
Cities,City,Ogden,US,41.223,-111.97383,Been,False,False,5041
Cities,City,Oklahoma City,US,35.46756,-97.51643,Been,False,False,603
Cities,City,Olympia,US,47.03787,-122.9007,Been,False,False,8628
Cities,City,Omaha,US,41.25626,-95.94043,Been,False,False,902
Cities,City,Oregon City,US,45.35734,-122.60676,Been,False,False,11576
Cities,City,Orlando,US,28.53834,-81.37924,Been,False,False,1538
Cities,City,Pacific City,US,45.20233,-123.96289,Been,False,False,104867
Cities,City,Panama City,US,30.15946,-85.65983,Been,False,False,10951
Cities,City,Pasco,US,46.23958,-119.10057,Been,False,False,6247
Cities,City,Pendleton,US,45.67207,-118.7886,Been,False,False,21368
Cities,City,Philadelphia,US,39.95233,-75.16379,Been,False,False,189
Cities,City,Philomath,US,44.54012,-123.3676,Been,False,False,48631
Cities,City,Phoenix,US,33.44838,-112.07404,Been,False,False,190
Cities,City,Pittsburgh,US,40.44062,-79.99589,Been,False,False,1365
Cities,City,Pocatello,US,42.8713,-112.44553,Been,False,False,8039
Cities,City,Port Orford,US,42.74566,-124.49733,Been,False,False,99998
Cities,City,Portland,US,45.52345,-122.67621,Been,False,False,600
Cities,City,Portland,US,43.66147,-70.25533,Been,False,False,6498
Cities,City,Portsmouth,US,43.07704,-70.75766,Been,False,False,17773
Cities,City,Prineville,US,44.29985,-120.83447,Been,False,False,31469
Cities,City,Providence,US,41.82399,-71.41283,Been,False,False,2358
Cities,City,Raleigh,US,35.7721,-78.63861,Been,False,False,886
Cities,City,Redding,US,40.58654,-122.39168,Been,False,False,4680
Cities,City,Redmond,US,44.27262,-121.17392,Been,False,False,14026
Cities,City,Reedsport,US,43.70234,-124.09678,Been,False,False,51887
Cities,City,Reno,US,39.52963,-119.8138,Been,False,False,1727
Cities,City,Richland,US,46.28569,-119.28446,Been,False,False,8063
Cities,City,Rock Springs,US,41.58746,-109.2029,Been,False,False,16290
Cities,City,Rose Lodge,US,45.01039,-123.88039,Been,False,False,79602
Cities,City,Sacramento,US,38.58157,-121.4944,Been,False,False,800
Cities,City,Salem,US,44.9429,-123.0351,Been,False,False,2552
Cities,City,Salt Lake City,US,40.76078,-111.89105,Been,False,False,2186
Cities,City,San Antonio,US,29.42412,-98.49363,Been,False,False,204
Cities,City,San Diego,US,32.71571,-117.16472,Been,False,False,227
Cities,City,San Francisco,US,37.77493,-122.41942,Been,False,False,411
Cities,City,San Jose,US,37.33939,-121.89496,Been,False,False,345
Cities,City,Sandy,US,40.59161,-111.8841,Been,False,False,4917
Cities,City,Santa Clara,US,37.35411,-121.95524,Been,False,False,3386
Cities,City,Santa Cruz,US,36.97412,-122.0308,Been,False,False,6789
Cities,City,Santa Rosa,US,38.44047,-122.71443,Been,False,False,2411
Cities,City,Seattle,US,47.60621,-122.33207,Been,False,False,546
Cities,City,Sheridan,US,45.09928,-123.39483,Been,False,False,41157
Cities,City,Silverton,US,45.00512,-122.78315,Been,False,False,31031
Cities,City,Sisters,US,44.29095,-121.54921,Been,False,False,69260
Cities,City,Skagway,US,59.45833,-135.31389,Been,False,False,110958
Cities,City,South Portland,US,43.64147,-70.24088,Been,False,False,15420
Cities,City,Spokane,US,47.65966,-117.42908,Been,False,False,1960
Cities,City,Springfield,US,44.04624,-123.02203,Been,False,False,7195
Cities,City,St. Louis,US,38.62727,-90.19789,Been,False,False,1304
Cities,City,Stayton,US,44.80068,-122.79453,Been,False,False,35095
Cities,City,Stockton,US,37.9577,-121.29078,Been,False,False,1357
Cities,City,Sunnyvale,US,37.36883,-122.03635,Been,False,False,2787
Cities,City,Sweet Home,US,44.39762,-122.7362,Been,False,False,32008
Cities,City,Tacoma,US,47.25288,-122.44429,Been,False,False,2015
Cities,City,Tigard,US,45.43123,-122.77149,Been,False,False,8491
Cities,City,Tillamook,US,45.4564,-123.84553,Been,False,False,46401
Cities,City,Toledo,US,44.62151,-123.93845,Been,False,False,56860
Cities,City,Trenton,US,40.21705,-74.74294,Been,False,False,5120
Cities,City,Troy,US,42.60559,-83.14993,Been,False,False,5164
Cities,City,Troy,US,42.72841,-73.69179,Been,False,False,8699
Cities,City,Tualatin,US,45.38401,-122.76399,Been,False,False,14651
Cities,City,Vancouver,US,45.63873,-122.66149,Been,False,False,2435
Cities,City,Visalia,US,36.33023,-119.29206,Been,False,False,3252
Cities,City,Waldport,US,44.42679,-124.06873,Been,False,False,74999
Cities,City,Walla Walla,US,46.06458,-118.34302,Been,False,False,12708
Cities,City,"Washington, D.C.",US,38.89511,-77.03637,Been,False,False,639
Cities,City,Washougal,US,45.58262,-122.35342,Been,False,False,22938
Cities,City,West Linn,US,45.36568,-122.61231,Been,False,False,14914
Cities,City,West Yellowstone,US,44.66215,-111.10411,Been,False,False,93141
Cities,City,Willamina,US,45.07873,-123.48594,Been,False,False,75426
Cities,City,Wilsonville,US,45.29984,-122.77371,Been,False,False,17015
Cities,City,Woodburn,US,45.14373,-122.85537,Been,False,False,15597
Cities,City,Yachats,US,44.31123,-124.10484,Been,False,False,124208
Cities,City,Yakima,US,46.60207,-120.5059,Been,False,False,4559
Cities,City,Yosemite Valley,US,37.74075,-119.57788,Been,False,False,104868
Cities,City,Montevideo,UY,-34.90328,-56.18816,Been,False,False,266
Cities,City,Punta del Este,UY,-34.94747,-54.93382,Been,False,False,37235
Cities,City,Da Nang,VN,16.06778,108.22083,Been,False,False,483
Cities,City,Dương Đông,VN,10.21716,103.95929,Been,False,False,23288
Cities,City,Hanoi,VN,21.0245,105.84117,Been,False,False,215
Cities,City,Ho Chi Minh City,VN,10.82302,106.62965,Been,False,False,78
Cities,City,Hạ Long,VN,20.95045,107.07336,Been,False,False,2863
Cities,City,Nha Trang,VN,12.24507,109.19432,Been,True,False,1468
Cities,City,Pristina,XK,42.67272,21.16688,Been,False,False,716
Cities,City,Cape Town,ZA,-33.92584,18.42322,Been,False,False,80
Cities,City,Johannesburg,ZA,-26.20227,28.04363,Been,False,False,140
Cities,City,Livingstone,ZM,-17.84194,25.85425,Been,False,False,3904
Cities,City,Victoria Falls,ZW,-17.93285,25.83066,Been,False,False,11592
Landmarks,"Landmark, built",Burj Al Arab,AE,25.14198,55.18615,Been,False,False,196111
Landmarks,"Landmark, built",Burj Khalifa,AE,25.19714,55.27411,Been,False,False,196093
Landmarks,"Landmark, built",Sydney Harbour Bridge,AU,-33.85222,151.21056,Been,False,False,196144
Landmarks,"Landmark, built",Sydney Opera House,AU,-33.85861,151.21417,Been,False,False,196068
Landmarks,"Landmark, built",Christ the Redeemer Statue,BR,-22.95194,-43.21056,Been,False,False,196062
Landmarks,"Landmark, built",Berlin Cathedral,DE,52.519167,13.401111,Been,False,False,196215
Landmarks,"Landmark, built",Berlin Wall,DE,52.516,13.377,Been,False,False,196106
Landmarks,"Landmark, built",Brandenburg Gate,DE,52.51627,13.37772,Been,False,False,196140
Landmarks,"Landmark, built",Neuschwanstein Castle,DE,47.55753,10.74952,Been,False,False,196096
Landmarks,"Landmark, built",Little Mermaid,DK,55.69286,12.59928,Been,False,False,196162
Landmarks,"Landmark, built",Abu Simbel temples,EG,22.33694,31.62556,Been,False,False,196248
Landmarks,"Landmark, built",Giza Pyramids,EG,29.97611,31.13278,Been,False,False,196060
Landmarks,"Landmark, built",Great Sphinx of Giza,EG,29.97528,31.13778,Been,False,False,196081
Landmarks,"Landmark, built",Luxor Temple,EG,25.7,32.63917,Been,False,False,196138
Landmarks,"Landmark, built",Arc de Triomphe,FR,48.8738,2.295,Been,False,False,196122
Landmarks,"Landmark, built",Eiffel Tower,FR,48.85822,2.2945,Been,False,False,196067
Landmarks,"Landmark, built",Louvre,FR,48.86111,2.33639,Been,False,False,196114
Landmarks,"Landmark, built",Notre-Dame de Paris,FR,48.853,2.3498,Been,False,False,196070
Landmarks,"Landmark, built",Big Ben,GB,51.5007,-0.1245,Been,False,False,196084
Landmarks,"Landmark, built",Buckingham Palace,GB,51.50083,-0.14194,Been,False,False,196115
Landmarks,"Landmark, built",Edinburgh Castle,GB,55.94861,-3.20083,Been,False,False,196151
Landmarks,"Landmark, built",London Eye,GB,51.5033,-0.1194,Been,False,False,196205
Landmarks,"Landmark, built",St Paul's Cathedral,GB,51.51361,-0.09806,Been,False,False,196131
Landmarks,"Landmark, built",Stonehenge,GB,51.17889,-1.82611,Been,False,False,196099
Landmarks,"Landmark, built",Tower of London,GB,51.50806,-0.07611,Been,False,False,196130
Landmarks,"Landmark, built",Westminster Abbey,GB,51.49944,-0.1275,Been,False,False,196136
Landmarks,"Landmark, built",Windsor Castle,GB,51.48333,-0.60417,Been,False,False,196121
Landmarks,"Landmark, built",Acropolis of Athens,GR,37.97083,23.72611,Been,False,False,196075
Landmarks,"Landmark, built",Tikal,GT,17.22194,-89.62361,Been,False,False,196065
Landmarks,"Landmark, built",Dubrovnik Old Town,HR,42.64028,18.10833,Been,False,False,196117
Landmarks,"Landmark, built",Hungarian Parliament Building,HU,47.50694,19.04556,Been,False,False,196149
Landmarks,"Landmark, built",Taj Mahal,IN,27.175,78.04194,Been,False,False,196061
Landmarks,"Landmark, built",Blue Lagoon,IS,63.88,-22.44806,Been,False,False,196193
Landmarks,"Landmark, built",Hallgrímskirkja,IS,64.141944,-21.926944,Been,False,False,196180
Landmarks,"Landmark, built",Leaning Tower of Pisa,IT,43.72306,10.39639,Been,False,False,196073
Landmarks,"Landmark, built",Angkor Wat,KH,13.4125,103.86667,Been,False,False,196057
Landmarks,"Landmark, built",Chichen Itza,MX,20.68306,-88.56861,Been,False,False,196074
Landmarks,"Landmark, built",Tulum,MX,20.214722,-87.428889,Been,False,False,196213
Landmarks,"Landmark, built",Machu Picchu,PE,-13.163333,-72.545556,Been,False,False,196056
Landmarks,"Landmark, built",Alcatraz Island,US,37.82667,-122.42278,Been,False,False,196137
Landmarks,"Landmark, built",Brooklyn Bridge,US,40.706,-73.997,Been,False,False,196118
Landmarks,"Landmark, built",Capitol Hill,US,38.88972,-77.01111,Been,False,False,196126
Landmarks,"Landmark, built",Empire State Building,US,40.74843,-73.98566,Been,False,False,196087
Landmarks,"Landmark, built",Golden Gate Bridge,US,37.81972,-122.47861,Been,False,False,196092
Landmarks,"Landmark, built",Hollywood Sign,US,34.13406,-118.32159,Been,False,False,196128
Landmarks,"Landmark, built",Las Vegas,US,36.175,-115.13639,Been,False,False,196104
Landmarks,"Landmark, built",Space Needle,US,47.6204,-122.3491,Been,False,False,196169
Landmarks,"Landmark, built",Statue of Liberty,US,40.68917,-74.04444,Been,False,False,196071
Landmarks,"Landmark, built",White House,US,38.8977,-77.0365,Been,False,False,196113
Landmarks,"Landmark, natural",Fitz Roy,AR,-49.27128,-73.04322,Been,False,False,196258
Landmarks,"Landmark, natural",Perito Moreno Glacier,AR,-50.5,-73.13333,Been,False,False,196112
Landmarks,"Landmark, natural",Ushuaia - Fin del Mundo,AR,-54.807386,-68.302674,Been,False,False,197978
Landmarks,"Landmark, natural",Great Barrier Reef,AU,-18.28333,147.7,Been,False,False,196089
Landmarks,"Landmark, natural",Foz do Iguaçu,BR,-25.68667,-54.44472,Been,False,False,196165
Landmarks,"Landmark, natural",Harbor of Rio de Janeiro,BR,-22.790278,-43.155556,Been,False,False,196321
Landmarks,"Landmark, natural",Sugarloaf Mountain,BR,-22.94861,-43.15722,Been,False,False,196124
Landmarks,"Landmark, natural",Matterhorn,CH,45.97639,7.65861,Been,False,False,196148
Landmarks,"Landmark, natural",Torres del Paine,CL,-50.983056,-72.966389,Been,False,False,197977
Landmarks,"Landmark, natural",Galápagos Islands,EC,-0.66667,-90.55,Been,False,False,196194
Landmarks,"Landmark, natural",Plitvice Lakes National Park,HR,44.88056,15.61611,Been,False,False,196189
Landmarks,"Landmark, natural",Cliffs of Moher,IE,52.97175,-9.42633,Been,False,False,196256
Landmarks,"Landmark, natural",Stuðlagil Canyon,IS,65.16324,-15.30755,Been,False,False,196188
Landmarks,"Landmark, natural",Bay of Kotor,ME,42.433333,18.633333,Been,False,False,196274
Landmarks,"Landmark, natural",Aurora Borealis,NO,69.68278,18.94278,Been,False,False,196146
Landmarks,"Landmark, natural",Trolltunga,NO,60.13083,6.75417,Been,False,False,196261
Landmarks,"Landmark, natural",Mount Everest,NP,27.98806,86.92528,Been,False,False,196083
Landmarks,"Landmark, natural",Franz Josef & Fox Glacier,NZ,-43.466944,170.191667,Been,False,False,196302
Landmarks,"Landmark, natural",Rainbow Mountain,PE,-13.87023,-71.30295,Been,False,False,196123
Landmarks,"Landmark, natural",Mount Kilimanjaro,TZ,-3.07583,37.35333,Been,False,False,196198
Landmarks,"Landmark, natural",Arches National Park,US,38.68333,-109.56667,Been,False,False,196166
Landmarks,"Landmark, natural",Grand Canyon,US,36.3,-112.6,Been,False,False,196080
Landmarks,"Landmark, natural",Old Faithful,US,44.46046,-110.82815,Been,False,False,196206
Landmarks,"Landmark, natural",Yellowstone National Park,US,44.6,-110.5,Been,False,False,196125
Landmarks,"Landmark, natural",Yosemite Valley,US,37.72167,-119.64639,Been,False,False,196143
Landmarks,"Landmark, natural",Zion National Park,US,37.3,-113,Been,False,False,196230
Landmarks,"Landmark, natural",Hạ Long Bay,VN,20.9,107.2,Been,False,False,196090
Landmarks,"Landmark, natural",Victoria Falls,ZM,-17.92444,25.85667,Been,False,False,196164
National parks and monuments,National monument,California Coastal National Monument,US,36.89,-122.18,Been,False,False,186910
National parks and monuments,National monument,Cascade-Siskiyou National Monument,US,42.08,-122.46,Been,False,False,186918
National parks and monuments,National monument,John Day Fossil National Monument,US,44.67,-120.05,Been,False,False,186963
National parks and monuments,National monument,Mount St. Helens National Monument,US,46.23,-122.18,Been,False,False,186975
National parks and monuments,National monument,Muir Woods National Monument,US,37.89,-122.58,Been,False,False,186976
National parks and monuments,National monument,Oregon Caves National Monument,US,42.1,-123.41,Been,False,False,186981
National parks and monuments,National park,Crater Lakes National Park,AU,-17.2458333333333,145.628888888889,Been,False,False,187430
National parks and monuments,National park,Teide National Park,ES,28.263,-16.616,Been,False,False,187154
National parks and monuments,National park,Aoraki/Mount Cook National Park,NZ,-43.7333333,170.1,Been,False,False,187079
National parks and monuments,National park,Paparoa National Park,NZ,-42.0833333,171.5,Been,False,False,187076
National parks and monuments,National park,Arches National Park,US,38.68,-109.57,Been,False,False,186833
National parks and monuments,National park,Carlsbad Caverns National Park,US,32.17,-104.44,Been,False,False,186841
National parks and monuments,National park,Crater Lake National Park,US,42.94,-122.1,Been,False,False,186844
National parks and monuments,National park,Death Valley National Park,US,36.24,-116.82,Been,False,False,186846
National parks and monuments,National park,Denali National Park,US,63.33,-150.5,Been,False,False,186847
National parks and monuments,National park,Everglades National Park,US,25.32,-80.93,Been,False,False,186849
National parks and monuments,National park,Glacier Bay National Park,US,58.5,-137,Been,False,False,186853
National parks and monuments,National park,Grand Canyon National Park,US,36.06,-112.14,Been,False,False,186854
National parks and monuments,National park,Grand Teton National Park,US,43.73,-110.8,Been,False,False,186855
National parks and monuments,National park,Haleakalā National Park,US,20.72,-156.17,Been,False,False,186860
National parks and monuments,National park,Lassen Volcanic National Park,US,40.49,-121.51,Been,False,False,186871
National parks and monuments,National park,Mesa Verde National Park,US,37.18,-108.49,Been,False,False,186873
National parks and monuments,National park,Mount Rainier National Park,US,46.85,-121.75,Been,False,False,186874
National parks and monuments,National park,Olympic National Park,US,47.97,-123.5,Been,False,False,186876
National parks and monuments,National park,Redwood National Park,US,41.3,-124,Been,False,False,186879
National parks and monuments,National park,Yellowstone National Park,US,44.6,-110.5,Been,False,False,186889
National parks and monuments,National park,Yosemite National Park,US,37.83,-119.5,Been,False,False,186890
Ports,Port,Belem,BR,-1.440848811,-48.49511147,Been,False,False,196959
Ports,Port,Manaus,BR,-3.13838427,-60.02768219,Been,False,False,196970
Ports,Port,Salvador de Bahia,BR,-12.96805556,-38.51166667,Been,False,False,196978
Ports,Port,La Paz,MX,24.12399945,-110.3486753,Been,False,False,197437
UNESCO World Heritage,UNESCO cultural,Sydney Opera House,AU,-33.8566666667,151.2152777777,Been,False,False,185737
UNESCO World Heritage,UNESCO cultural,Historic Centre of Salvador de Bahia,BR,-12.96666667,-38.5,Been,False,False,185795
UNESCO World Heritage,UNESCO cultural,Rio de Janeiro: Carioca Landscapes between the Mountain and the Sea,BR,-22.9477777778,-43.2913888889,Been,False,False,185809
UNESCO World Heritage,UNESCO cultural,Painted Churches in the Troodos Region,CY,34.92027778,33.09583333,Been,False,False,185936
UNESCO World Heritage,UNESCO cultural,Paphos,CY,34.75833,32.40556,Been,False,False,185935
UNESCO World Heritage,UNESCO cultural,"Jelling Mounds, Runic Stones and Church",DK,55.75638889,9.42,Been,False,False,185959
UNESCO World Heritage,UNESCO cultural,Kronborg Castle,DK,56.03889,12.62083333,Been,False,False,185958
UNESCO World Heritage,UNESCO cultural,Roskilde Cathedral,DK,55.64222222,12.07972222,Been,False,False,185957
UNESCO World Heritage,UNESCO cultural,Ancient Thebes with its Necropolis,EG,25.73333,32.6,Been,False,False,185973
UNESCO World Heritage,UNESCO cultural,Historic Cairo,EG,30.05,31.26111,Been,False,False,185975
UNESCO World Heritage,UNESCO cultural,Nubian Monuments from Abu Simbel to Philae,EG,22.33639,31.62611,Been,False,False,185974
UNESCO World Heritage,UNESCO cultural,City of Bath,GB,51.38138889,-2.358611111,Been,False,False,186691
UNESCO World Heritage,UNESCO cultural,"Stonehenge, Avebury and Associated Sites",GB,51.17888889,-1.825277778,Been,False,False,186685
UNESCO World Heritage,UNESCO cultural,"Acropolis, Athens",GR,37.97087,23.72618,Been,False,False,186084
UNESCO World Heritage,UNESCO cultural,Old City of Dubrovnik,HR,42.65056,18.09139,Been,False,False,185919
UNESCO World Heritage,UNESCO cultural,The Cathedral of St James in Šibenik,HR,43.73629,15.89038,Been,False,False,185924
UNESCO World Heritage,UNESCO cultural,"National History Park – Citadel, Sans Souci, Ramiers",HT,19.57361,-72.24417,Been,False,False,186103
UNESCO World Heritage,UNESCO cultural,Sceilg Mhichíl,IE,51.77194,-10.53861,Been,False,False,186188
UNESCO World Heritage,UNESCO cultural,Taj Mahal,IN,27.17417,78.04222,Been,False,False,186130
UNESCO World Heritage,UNESCO cultural,Þingvellir National Park,IS,64.25380556,-21.03725,Been,False,False,186113
UNESCO World Heritage,UNESCO cultural,Angkor,KH,13.43333333,103.8333333,Been,False,False,185824
UNESCO World Heritage,UNESCO cultural,Historic Centre of Riga,LV,56.95417,24.11667,Been,False,False,186288
UNESCO World Heritage,UNESCO cultural,Bryggen,NO,60.39722,5.32306,Been,False,False,186401
UNESCO World Heritage,UNESCO cultural,City of Cuzco,PE,-13.52222,-71.98333,Been,False,False,186427
UNESCO World Heritage,UNESCO cultural,Singapore Botanic Gardens,SG,1.3152777778,103.8161111111,Been,False,False,186535
UNESCO World Heritage,UNESCO cultural,Mesa Verde National Park,US,37.26166667,-108.4855556,Been,False,False,186718
UNESCO World Heritage,UNESCO cultural,San Antonio Missions,US,29.3280555556,-98.46,Been,False,False,186738
UNESCO World Heritage,UNESCO mixed,Paraty and Ilha Grande – Culture and Biodiversity,BR,-23.0186055556,-44.6853694444,Been,False,False,186805
UNESCO World Heritage,UNESCO mixed,Tikal National Park,GT,17.21666667,-89.61666667,Been,False,False,186100
UNESCO World Heritage,UNESCO mixed,Historic Sanctuary of Machu Picchu,PE,-13.11666667,-72.58333333,Been,False,False,186428
UNESCO World Heritage,UNESCO natural,Iguazu National Park,AR,-25.51805556,-54.13333333,Been,False,False,185725
UNESCO World Heritage,UNESCO natural,Great Barrier Reef,AU,-18.28611111,147.7,Been,False,False,185736
UNESCO World Heritage,UNESCO natural,Central Amazon Conservation Complex,BR,-2.333333333,-62.00833333,Been,False,False,185805
UNESCO World Heritage,UNESCO natural,Discovery Coast Atlantic Forest Reserves,BR,-16.5,-39.25,Been,False,False,185802
UNESCO World Heritage,UNESCO natural,Iguaçu National Park,BR,-25.68333,-54.43333,Been,False,False,185797
UNESCO World Heritage,UNESCO natural,Lençóis Maranhenses National Park,BR,-2.5366666667,-43.0636111111,Been,False,False,198066
UNESCO World Heritage,UNESCO natural,Pantanal Conservation Area,BR,-17.71667,-57.38333,Been,False,False,185806
UNESCO World Heritage,UNESCO natural,Belize Barrier Reef Reserve System,BZ,16.75,-87.05833333,Been,False,False,185781
UNESCO World Heritage,UNESCO natural,Stevns Klint,DK,55.2672222222,12.4233333333,Been,False,False,185961
UNESCO World Heritage,UNESCO natural,Galápagos Islands,EC,-0.81667,-91,Been,False,False,185968
UNESCO World Heritage,UNESCO natural,Teide National Park,ES,28.2713888889,-16.6436111111,Been,False,False,186590
UNESCO World Heritage,UNESCO natural,Plitvice Lakes National Park,HR,44.87778,15.61444,Been,False,False,185921
UNESCO World Heritage,UNESCO natural,Great Himalayan National Park Conservation Area,IN,31.8333333333,77.5833333333,Been,False,False,186146
UNESCO World Heritage,UNESCO natural,Vatnajökull National Park - dynamic nature of fire and ice,IS,64.577363,-16.8815404444,Been,False,False,186813
UNESCO World Heritage,UNESCO natural,Mount Etna,IT,37.7561111111,14.9966666667,Been,False,False,186243
UNESCO World Heritage,UNESCO natural,Sagarmatha National Park,NP,27.96528,86.91306,Been,False,False,186377
UNESCO World Heritage,UNESCO natural,Puerto-Princesa Subterranean River National Park,PH,10.16666667,118.9166667,Been,False,False,186439
UNESCO World Heritage,UNESCO natural,Kilimanjaro National Park,TZ,-3.06667,37.36667,Been,False,False,186716
UNESCO World Heritage,UNESCO natural,Redwood National and State Parks,US,41.37388889,-123.9980556,Been,False,False,186723
UNESCO World Heritage,UNESCO natural,Yellowstone National Park,US,44.46056,-110.82778,Been,False,False,186719
UNESCO World Heritage,UNESCO natural,Yosemite National Park,US,37.74611111,-119.5966667,Been,False,False,186730
UNESCO World Heritage,UNESCO natural,Ha Long Bay,VN,20.9,107.1,Been,False,False,186749
